<?xml version="1.0" encoding="ISO-8859-1"?>
  <IndiceZipinhos abrangencia="PI">
    <ArquivoIndice nome="pi1510200" dataHora="21/08/2010 20:26:26"/>
    <ArquivoIndice nome="pi1610901" dataHora="21/08/2010 20:26:39"/>
    <ArquivoIndice nome="pi1611770" dataHora="21/08/2010 20:26:51"/>
    <ArquivoIndice nome="pi1711118" dataHora="21/08/2010 20:26:39"/>
    <ArquivoIndice nome="pi1710642" dataHora="21/08/2010 20:26:39"/>
    <ArquivoIndice nome="pi1110294" dataHora="21/08/2010 20:26:13"/>
    <ArquivoIndice nome="pi1710758" dataHora="21/08/2010 20:26:26"/>
    <ArquivoIndice nome="pi1110090" dataHora="21/08/2010 20:26:13"/>
    <ArquivoIndice nome="pi1310065" dataHora="21/08/2010 20:26:13"/>
    <ArquivoIndice nome="pi1112521" dataHora="21/08/2010 20:26:26"/>
    <ArquivoIndice nome="pi1112319" dataHora="21/08/2010 20:26:26"/>
    <ArquivoIndice nome="pi1312467" dataHora="21/08/2010 20:26:13"/>
    <ArquivoIndice nome="pi1112327" dataHora="21/08/2010 20:26:26"/>
    <ArquivoIndice nome="pi1512211" dataHora="21/08/2010 20:26:13"/>
    <ArquivoIndice nome="pi1710448" dataHora="21/08/2010 20:26:51"/>
    <ArquivoIndice nome="pi1512491" dataHora="21/08/2010 20:26:13"/>
    <ArquivoIndice nome="pi1310456" dataHora="21/08/2010 20:26:13"/>
    <ArquivoIndice nome="pi1112041" dataHora="21/08/2010 20:26:26"/>
    <ArquivoIndice nome="pi1510006" dataHora="21/08/2010 20:26:26"/>
    <ArquivoIndice nome="pi1710235" dataHora="21/08/2010 20:26:26"/>
    <ArquivoIndice nome="pi1710030" dataHora="21/08/2010 20:26:51"/>
    <ArquivoIndice nome="pi1611576" dataHora="21/08/2010 20:26:39"/>
    <ArquivoIndice nome="pi1312262" dataHora="21/08/2010 20:26:13"/>
    <ArquivoIndice nome="pi1310057" dataHora="21/08/2010 20:26:26"/>
    <ArquivoIndice nome="pi1610910" dataHora="21/08/2010 20:26:39"/>
    <ArquivoIndice nome="pi1610707" dataHora="21/08/2010 20:26:39"/>
    <ArquivoIndice nome="pi1111673" dataHora="21/08/2010 20:26:26"/>
    <ArquivoIndice nome="pi1312459" dataHora="21/08/2010 20:26:13"/>
    <ArquivoIndice nome="pi1112513" dataHora="21/08/2010 20:26:13"/>
    <ArquivoIndice nome="pi1710634" dataHora="21/08/2010 20:26:39"/>
    <ArquivoIndice nome="pi1611371" dataHora="21/08/2010 20:26:26"/>
    <ArquivoIndice nome="pi1710049" dataHora="21/08/2010 20:26:39"/>
    <ArquivoIndice nome="pi1710766" dataHora="21/08/2010 20:26:51"/>
    <ArquivoIndice nome="pi1611177" dataHora="21/08/2010 20:26:26"/>
    <ArquivoIndice nome="pi1710243" dataHora="21/08/2010 20:26:39"/>
    <ArquivoIndice nome="pi1112033" dataHora="21/08/2010 20:26:26"/>
    <ArquivoIndice nome="pi1112505" dataHora="21/08/2010 20:26:13"/>
    <ArquivoIndice nome="pi1310464" dataHora="21/08/2010 20:26:26"/>
    <ArquivoIndice nome="pi1512220" dataHora="21/08/2010 20:26:13"/>
    <ArquivoIndice nome="pi1312254" dataHora="21/08/2010 20:26:13"/>
    <ArquivoIndice nome="pi1610715" dataHora="21/08/2010 20:26:51"/>
    <ArquivoIndice nome="pi1112718" dataHora="21/08/2010 20:26:13"/>
    <ArquivoIndice nome="pi1310839" dataHora="21/08/2010 20:26:13"/>
    <ArquivoIndice nome="pi1710430" dataHora="21/08/2010 20:26:26"/>
    <ArquivoIndice nome="pi1111479" dataHora="21/08/2010 20:26:13"/>
    <ArquivoIndice nome="pi1310049" dataHora="21/08/2010 20:26:26"/>
    <ArquivoIndice nome="pi1711819" dataHora="21/08/2010 20:26:39"/>
    <ArquivoIndice nome="pi1312483" dataHora="21/08/2010 20:26:26"/>
    <ArquivoIndice nome="pi1310855" dataHora="21/08/2010 20:26:13"/>
    <ArquivoIndice nome="pi1112734" dataHora="21/08/2010 20:26:26"/>
    <ArquivoIndice nome="pi1611797" dataHora="21/08/2010 20:26:51"/>
    <ArquivoIndice nome="pi1710774" dataHora="21/08/2010 20:26:39"/>
    <ArquivoIndice nome="pi1710057" dataHora="21/08/2010 20:26:39"/>
    <ArquivoIndice nome="pi1512475" dataHora="21/08/2010 20:26:13"/>
    <ArquivoIndice nome="pi1112548" dataHora="21/08/2010 20:26:26"/>
    <ArquivoIndice nome="pi1110499" dataHora="21/08/2010 20:26:26"/>
    <ArquivoIndice nome="pi1710669" dataHora="21/08/2010 20:26:39"/>
    <ArquivoIndice nome="pi1311819" dataHora="21/08/2010 20:26:13"/>
    <ArquivoIndice nome="pi1110693" dataHora="21/08/2010 20:26:26"/>
    <ArquivoIndice nome="pi1112343" dataHora="21/08/2010 20:26:13"/>
    <ArquivoIndice nome="pi1710251" dataHora="21/08/2010 20:26:39"/>
    <ArquivoIndice nome="pi1710464" dataHora="21/08/2010 20:26:39"/>
    <ArquivoIndice nome="pi1310847" dataHora="21/08/2010 20:26:13"/>
    <ArquivoIndice nome="pi1611592" dataHora="21/08/2010 20:26:39"/>
    <ArquivoIndice nome="pi1112068" dataHora="21/08/2010 20:26:26"/>
    <ArquivoIndice nome="pi1112726" dataHora="21/08/2010 20:26:13"/>
    <ArquivoIndice nome="pi1312289" dataHora="21/08/2010 20:26:13"/>
    <ArquivoIndice nome="pi1310430" dataHora="21/08/2010 20:26:13"/>
    <ArquivoIndice nome="pi1710782" dataHora="21/08/2010 20:26:26"/>
    <ArquivoIndice nome="pi1510499" dataHora="21/08/2010 20:26:13"/>
    <ArquivoIndice nome="pi1310863" dataHora="21/08/2010 20:26:13"/>
    <ArquivoIndice nome="pi1710650" dataHora="21/08/2010 20:26:51"/>
    <ArquivoIndice nome="pi1312475" dataHora="21/08/2010 20:26:13"/>
    <ArquivoIndice nome="pi1312270" dataHora="21/08/2010 20:26:26"/>
    <ArquivoIndice nome="pi1112530" dataHora="21/08/2010 20:26:26"/>
    <ArquivoIndice nome="pi1710260" dataHora="21/08/2010 20:26:39"/>
    <ArquivoIndice nome="pi1310030" dataHora="21/08/2010 20:26:13"/>
    <ArquivoIndice nome="pi1512483" dataHora="21/08/2010 20:26:13"/>
    <ArquivoIndice nome="pi1710065" dataHora="21/08/2010 20:26:39"/>
    <ArquivoIndice nome="pi1111690" dataHora="21/08/2010 20:26:26"/>
    <ArquivoIndice nome="pi1112050" dataHora="21/08/2010 20:26:13"/>
    <ArquivoIndice nome="pi1112335" dataHora="21/08/2010 20:26:13"/>
    <ArquivoIndice nome="pi1512203" dataHora="21/08/2010 20:26:13"/>
    <ArquivoIndice nome="pi1611193" dataHora="21/08/2010 20:26:39"/>
    <ArquivoIndice nome="pi1111495" dataHora="21/08/2010 20:26:13"/>
    <ArquivoIndice nome="pi1611398" dataHora="21/08/2010 20:26:26"/>
    <ArquivoIndice nome="pi1311835" dataHora="21/08/2010 20:26:26"/>
    <ArquivoIndice nome="pi1310448" dataHora="21/08/2010 20:26:13"/>
    <ArquivoIndice nome="pi1711835" dataHora="21/08/2010 20:26:26"/>
    <ArquivoIndice nome="pi1710456" dataHora="21/08/2010 20:26:39"/>
    <ArquivoIndice nome="pi1110898" dataHora="21/08/2010 20:26:26"/>
    <ArquivoIndice nome="pi1610014" dataHora="21/08/2010 20:26:39"/>
    <ArquivoIndice nome="pi1112564" dataHora="21/08/2010 20:26:26"/>
    <ArquivoIndice nome="pi1610944" dataHora="21/08/2010 20:26:26"/>
    <ArquivoIndice nome="pi1310693" dataHora="21/08/2010 20:26:13"/>
    <ArquivoIndice nome="pi1510243" dataHora="21/08/2010 20:26:26"/>
    <ArquivoIndice nome="pi1110472" dataHora="21/08/2010 20:26:13"/>
    <ArquivoIndice nome="pi1710790" dataHora="21/08/2010 20:26:51"/>
    <ArquivoIndice nome="pi1710685" dataHora="21/08/2010 20:26:26"/>
    <ArquivoIndice nome="pi1512459" dataHora="21/08/2010 20:26:13"/>
    <ArquivoIndice nome="pi1310871" dataHora="21/08/2010 20:26:13"/>
    <ArquivoIndice nome="pi1610286" dataHora="21/08/2010 20:26:26"/>
    <ArquivoIndice nome="pi1112009" dataHora="21/08/2010 20:26:13"/>
    <ArquivoIndice nome="pi1611533" dataHora="21/08/2010 20:26:39"/>
    <ArquivoIndice nome="pi1312220" dataHora="21/08/2010 20:26:13"/>
    <ArquivoIndice nome="pi1710995" dataHora="21/08/2010 20:26:51"/>
    <ArquivoIndice nome="pi1712408" dataHora="21/08/2010 20:26:26"/>
    <ArquivoIndice nome="pi1110880" dataHora="21/08/2010 20:26:26"/>
    <ArquivoIndice nome="pi1612190" dataHora="21/08/2010 20:26:39"/>
    <ArquivoIndice nome="pi1312700" dataHora="21/08/2010 20:26:26"/>
    <ArquivoIndice nome="pi1110057" dataHora="21/08/2010 20:26:13"/>
    <ArquivoIndice nome="pi1711150" dataHora="21/08/2010 20:26:51"/>
    <ArquivoIndice nome="pi1710405" dataHora="21/08/2010 20:26:26"/>
    <ArquivoIndice nome="pi1510910" dataHora="21/08/2010 20:26:13"/>
    <ArquivoIndice nome="pi1310499" dataHora="21/08/2010 20:26:13"/>
    <ArquivoIndice nome="pi1710278" dataHora="21/08/2010 20:26:39"/>
    <ArquivoIndice nome="pi1512254" dataHora="21/08/2010 20:26:13"/>
    <ArquivoIndice nome="pi1512467" dataHora="21/08/2010 20:26:13"/>
    <ArquivoIndice nome="pi1112556" dataHora="21/08/2010 20:26:26"/>
    <ArquivoIndice nome="pi1611134" dataHora="21/08/2010 20:26:51"/>
    <ArquivoIndice nome="pi1710677" dataHora="21/08/2010 20:26:51"/>
    <ArquivoIndice nome="pi1310880" dataHora="21/08/2010 20:26:26"/>
    <ArquivoIndice nome="pi1712009" dataHora="21/08/2010 20:26:26"/>
    <ArquivoIndice nome="pi1510235" dataHora="21/08/2010 20:26:26"/>
    <ArquivoIndice nome="pi1710006" dataHora="21/08/2010 20:26:39"/>
    <ArquivoIndice nome="pi1110480" dataHora="21/08/2010 20:26:26"/>
    <ArquivoIndice nome="pi1312491" dataHora="21/08/2010 20:26:13"/>
    <ArquivoIndice nome="pi1610294" dataHora="21/08/2010 20:26:39"/>
    <ArquivoIndice nome="pi1610952" dataHora="21/08/2010 20:26:39"/>
    <ArquivoIndice nome="pi1610006" dataHora="21/08/2010 20:26:51"/>
    <ArquivoIndice nome="pi1111436" dataHora="21/08/2010 20:26:26"/>
    <ArquivoIndice nome="pi1312211" dataHora="21/08/2010 20:26:13"/>
    <ArquivoIndice nome="pi1110871" dataHora="21/08/2010 20:26:26"/>
    <ArquivoIndice nome="pi1612181" dataHora="21/08/2010 20:26:39"/>
    <ArquivoIndice nome="pi1110065" dataHora="21/08/2010 20:26:13"/>
    <ArquivoIndice nome="pi1310090" dataHora="21/08/2010 20:26:26"/>
    <ArquivoIndice nome="pi1710286" dataHora="21/08/2010 20:26:26"/>
    <ArquivoIndice nome="pi1311851" dataHora="21/08/2010 20:26:26"/>
    <ArquivoIndice nome="pi1512262" dataHora="21/08/2010 20:26:13"/>
    <ArquivoIndice nome="pi1310294" dataHora="21/08/2010 20:26:13"/>
    <ArquivoIndice nome="pi1510227" dataHora="21/08/2010 20:26:26"/>
    <ArquivoIndice nome="pi1610030" dataHora="21/08/2010 20:26:39"/>
    <ArquivoIndice nome="pi1710014" dataHora="21/08/2010 20:26:39"/>
    <ArquivoIndice nome="pi1711134" dataHora="21/08/2010 20:26:39"/>
    <ArquivoIndice nome="pi1710294" dataHora="21/08/2010 20:26:39"/>
    <ArquivoIndice nome="pi1512432" dataHora="21/08/2010 20:26:26"/>
    <ArquivoIndice nome="pi1110456" dataHora="21/08/2010 20:26:26"/>
    <ArquivoIndice nome="pi1310677" dataHora="21/08/2010 20:26:13"/>
    <ArquivoIndice nome="pi1110855" dataHora="21/08/2010 20:26:13"/>
    <ArquivoIndice nome="pi1112580" dataHora="21/08/2010 20:26:13"/>
    <ArquivoIndice nome="pi1312718" dataHora="21/08/2010 20:26:13"/>
    <ArquivoIndice nome="pi1310898" dataHora="21/08/2010 20:26:13"/>
    <ArquivoIndice nome="pi1710421" dataHora="21/08/2010 20:26:39"/>
    <ArquivoIndice nome="pi1611550" dataHora="21/08/2010 20:26:39"/>
    <ArquivoIndice nome="pi1512238" dataHora="21/08/2010 20:26:26"/>
    <ArquivoIndice nome="pi1112025" dataHora="21/08/2010 20:26:26"/>
    <ArquivoIndice nome="pi1110863" dataHora="21/08/2010 20:26:13"/>
    <ArquivoIndice nome="pi1310472" dataHora="21/08/2010 20:26:13"/>
    <ArquivoIndice nome="pi1312726" dataHora="21/08/2010 20:26:26"/>
    <ArquivoIndice nome="pi1110448" dataHora="21/08/2010 20:26:13"/>
    <ArquivoIndice nome="pi1312246" dataHora="21/08/2010 20:26:13"/>
    <ArquivoIndice nome="pi1112300" dataHora="21/08/2010 20:26:26"/>
    <ArquivoIndice nome="pi1310286" dataHora="21/08/2010 20:26:13"/>
    <ArquivoIndice nome="pi1310081" dataHora="21/08/2010 20:26:26"/>
    <ArquivoIndice nome="pi1110073" dataHora="21/08/2010 20:26:26"/>
    <ArquivoIndice nome="pi1310685" dataHora="21/08/2010 20:26:13"/>
    <ArquivoIndice nome="pi1110464" dataHora="21/08/2010 20:26:13"/>
    <ArquivoIndice nome="pi1512440" dataHora="21/08/2010 20:26:13"/>
    <ArquivoIndice nome="pi1610022" dataHora="21/08/2010 20:26:39"/>
    <ArquivoIndice nome="pi1310073" dataHora="21/08/2010 20:26:26"/>
    <ArquivoIndice nome="pi1710022" dataHora="21/08/2010 20:26:39"/>
    <ArquivoIndice nome="pi1510219" dataHora="21/08/2010 20:26:26"/>
    <ArquivoIndice nome="pi1110847" dataHora="21/08/2010 20:26:13"/>
    <ArquivoIndice nome="pi1710693" dataHora="21/08/2010 20:26:39"/>
    <ArquivoIndice nome="pi1610936" dataHora="21/08/2010 20:26:26"/>
    <ArquivoIndice nome="pi1112700" dataHora="21/08/2010 20:26:26"/>
    <ArquivoIndice nome="pi1112572" dataHora="21/08/2010 20:26:26"/>
    <ArquivoIndice nome="pi1610928" dataHora="21/08/2010 20:26:39"/>
    <ArquivoIndice nome="pi1310278" dataHora="21/08/2010 20:26:26"/>
    <ArquivoIndice nome="pi1310480" dataHora="21/08/2010 20:26:13"/>
    <ArquivoIndice nome="pi1111452" dataHora="21/08/2010 20:26:13"/>
    <ArquivoIndice nome="pi1112017" dataHora="21/08/2010 20:26:26"/>
    <ArquivoIndice nome="pi1110081" dataHora="21/08/2010 20:26:13"/>
    <ArquivoIndice nome="pi1312238" dataHora="21/08/2010 20:26:13"/>
    <ArquivoIndice nome="pi1512246" dataHora="21/08/2010 20:26:26"/>
    <ArquivoIndice nome="pi1611150" dataHora="21/08/2010 20:26:26"/>
    <ArquivoIndice nome="pi1710413" dataHora="21/08/2010 20:26:51"/>
    <ArquivoIndice nome="pi1510901" dataHora="21/08/2010 20:26:26"/>
    <ArquivoIndice nome="pi1311878" dataHora="21/08/2010 20:26:26"/>
    <ArquivoIndice nome="pi1110634" dataHora="21/08/2010 20:26:26"/>
    <ArquivoIndice nome="pi1610782" dataHora="21/08/2010 20:26:26"/>
    <ArquivoIndice nome="pi1111916" dataHora="21/08/2010 20:26:26"/>
    <ArquivoIndice nome="pi1712440" dataHora="21/08/2010 20:26:51"/>
    <ArquivoIndice nome="pi1512297" dataHora="21/08/2010 20:26:13"/>
    <ArquivoIndice nome="pi1610448" dataHora="21/08/2010 20:26:39"/>
    <ArquivoIndice nome="pi1511533" dataHora="21/08/2010 20:26:13"/>
    <ArquivoIndice nome="pi1310260" dataHora="21/08/2010 20:26:26"/>
    <ArquivoIndice nome="pi1311614" dataHora="21/08/2010 20:26:26"/>
    <ArquivoIndice nome="pi1610243" dataHora="21/08/2010 20:26:39"/>
    <ArquivoIndice nome="pi1610987" dataHora="21/08/2010 20:26:39"/>
    <ArquivoIndice nome="pi1712246" dataHora="21/08/2010 20:26:39"/>
    <ArquivoIndice nome="pi1610057" dataHora="21/08/2010 20:26:51"/>
    <ArquivoIndice nome="pi1511339" dataHora="21/08/2010 20:26:26"/>
    <ArquivoIndice nome="pi1110626" dataHora="21/08/2010 20:26:26"/>
    <ArquivoIndice nome="pi1110430" dataHora="21/08/2010 20:26:26"/>
    <ArquivoIndice nome="pi1110642" dataHora="21/08/2010 20:26:13"/>
    <ArquivoIndice nome="pi1310251" dataHora="21/08/2010 20:26:13"/>
    <ArquivoIndice nome="pi1610456" dataHora="21/08/2010 20:26:39"/>
    <ArquivoIndice nome="pi1610790" dataHora="21/08/2010 20:26:39"/>
    <ArquivoIndice nome="pi1712432" dataHora="21/08/2010 20:26:39"/>
    <ArquivoIndice nome="pi1512696" dataHora="21/08/2010 20:26:26"/>
    <ArquivoIndice nome="pi1610251" dataHora="21/08/2010 20:26:26"/>
    <ArquivoIndice nome="pi1610995" dataHora="21/08/2010 20:26:51"/>
    <ArquivoIndice nome="pi1610049" dataHora="21/08/2010 20:26:26"/>
    <ArquivoIndice nome="pi1712238" dataHora="21/08/2010 20:26:26"/>
    <ArquivoIndice nome="pi1111932" dataHora="21/08/2010 20:26:13"/>
    <ArquivoIndice nome="pi1312203" dataHora="21/08/2010 20:26:13"/>
    <ArquivoIndice nome="pi1110405" dataHora="21/08/2010 20:26:26"/>
    <ArquivoIndice nome="pi1511517" dataHora="21/08/2010 20:26:13"/>
    <ArquivoIndice nome="pi1610073" dataHora="21/08/2010 20:26:39"/>
    <ArquivoIndice nome="pi1712424" dataHora="21/08/2010 20:26:51"/>
    <ArquivoIndice nome="pi1111215" dataHora="21/08/2010 20:26:26"/>
    <ArquivoIndice nome="pi1310243" dataHora="21/08/2010 20:26:13"/>
    <ArquivoIndice nome="pi1311630" dataHora="21/08/2010 20:26:26"/>
    <ArquivoIndice nome="pi1610766" dataHora="21/08/2010 20:26:39"/>
    <ArquivoIndice nome="pi1610260" dataHora="21/08/2010 20:26:39"/>
    <ArquivoIndice nome="pi1610464" dataHora="21/08/2010 20:26:51"/>
    <ArquivoIndice nome="pi1111010" dataHora="21/08/2010 20:26:13"/>
    <ArquivoIndice nome="pi1511312" dataHora="21/08/2010 20:26:26"/>
    <ArquivoIndice nome="pi1712220" dataHora="21/08/2010 20:26:39"/>
    <ArquivoIndice nome="pi1512688" dataHora="21/08/2010 20:26:13"/>
    <ArquivoIndice nome="pi1610960" dataHora="21/08/2010 20:26:39"/>
    <ArquivoIndice nome="pi1110413" dataHora="21/08/2010 20:26:13"/>
    <ArquivoIndice nome="pi1512270" dataHora="21/08/2010 20:26:13"/>
    <ArquivoIndice nome="pi1512289" dataHora="21/08/2010 20:26:13"/>
    <ArquivoIndice nome="pi1611312" dataHora="21/08/2010 20:26:39"/>
    <ArquivoIndice nome="pi1610774" dataHora="21/08/2010 20:26:39"/>
    <ArquivoIndice nome="pi1310235" dataHora="21/08/2010 20:26:13"/>
    <ArquivoIndice nome="pi1610472" dataHora="21/08/2010 20:26:39"/>
    <ArquivoIndice nome="pi1111410" dataHora="21/08/2010 20:26:26"/>
    <ArquivoIndice nome="pi1712416" dataHora="21/08/2010 20:26:26"/>
    <ArquivoIndice nome="pi1312009" dataHora="21/08/2010 20:26:26"/>
    <ArquivoIndice nome="pi1611118" dataHora="21/08/2010 20:26:39"/>
    <ArquivoIndice nome="pi1512670" dataHora="21/08/2010 20:26:13"/>
    <ArquivoIndice nome="pi1610979" dataHora="21/08/2010 20:26:39"/>
    <ArquivoIndice nome="pi1610278" dataHora="21/08/2010 20:26:39"/>
    <ArquivoIndice nome="pi1712211" dataHora="21/08/2010 20:26:39"/>
    <ArquivoIndice nome="pi1110421" dataHora="21/08/2010 20:26:26"/>
    <ArquivoIndice nome="pi1610065" dataHora="21/08/2010 20:26:39"/>
    <ArquivoIndice nome="pi1110618" dataHora="21/08/2010 20:26:26"/>
    <ArquivoIndice nome="pi1511576" dataHora="21/08/2010 20:26:13"/>
    <ArquivoIndice nome="pi1111231" dataHora="21/08/2010 20:26:26"/>
    <ArquivoIndice nome="pi1310227" dataHora="21/08/2010 20:26:26"/>
    <ArquivoIndice nome="pi16v0007" dataHora="21/08/2010 20:25:35"/>
    <ArquivoIndice nome="pi1312017" dataHora="21/08/2010 20:26:26"/>
    <ArquivoIndice nome="pi1111614" dataHora="21/08/2010 20:26:26"/>
    <ArquivoIndice nome="pi16v0001" dataHora="21/08/2010 17:00:51"/>
    <ArquivoIndice nome="pi1110677" dataHora="21/08/2010 20:26:13"/>
    <ArquivoIndice nome="pi1610740" dataHora="21/08/2010 20:26:26"/>
    <ArquivoIndice nome="pi1612700" dataHora="21/08/2010 20:26:39"/>
    <ArquivoIndice nome="pi1610090" dataHora="21/08/2010 20:26:39"/>
    <ArquivoIndice nome="pi1112084" dataHora="21/08/2010 20:26:13"/>
    <ArquivoIndice nome="pi1712203" dataHora="21/08/2010 20:26:39"/>
    <ArquivoIndice nome="pi1310022" dataHora="21/08/2010 20:26:13"/>
    <ArquivoIndice nome="pi1712483" dataHora="21/08/2010 20:26:51"/>
    <ArquivoIndice nome="pi1110669" dataHora="21/08/2010 20:26:13"/>
    <ArquivoIndice nome="pi1312424" dataHora="21/08/2010 20:26:13"/>
    <ArquivoIndice nome="pi1610480" dataHora="21/08/2010 20:26:39"/>
    <ArquivoIndice nome="pi1610200" dataHora="21/08/2010 20:26:26"/>
    <ArquivoIndice nome="pi1710480" dataHora="21/08/2010 20:26:39"/>
    <ArquivoIndice nome="pi1310219" dataHora="21/08/2010 20:26:26"/>
    <ArquivoIndice nome="pi1710472" dataHora="21/08/2010 20:26:39"/>
    <ArquivoIndice nome="pi1610758" dataHora="21/08/2010 20:26:26"/>
    <ArquivoIndice nome="pi16v0016" dataHora="21/08/2010 20:26:26"/>
    <ArquivoIndice nome="pi1610499" dataHora="21/08/2010 20:26:51"/>
    <ArquivoIndice nome="pi16v0011" dataHora="21/08/2010 20:25:48"/>
    <ArquivoIndice nome="pi1611339" dataHora="21/08/2010 20:26:39"/>
    <ArquivoIndice nome="pi16v0014" dataHora="21/08/2010 20:26:13"/>
    <ArquivoIndice nome="pi1610081" dataHora="21/08/2010 20:26:39"/>
    <ArquivoIndice nome="pi1312025" dataHora="21/08/2010 20:26:26"/>
    <ArquivoIndice nome="pi1112076" dataHora="21/08/2010 20:26:26"/>
    <ArquivoIndice nome="pi1612718" dataHora="21/08/2010 20:26:39"/>
    <ArquivoIndice nome="pi1712475" dataHora="21/08/2010 20:26:39"/>
    <ArquivoIndice nome="pi1710200" dataHora="21/08/2010 20:26:26"/>
    <ArquivoIndice nome="pi1110685" dataHora="21/08/2010 20:26:13"/>
    <ArquivoIndice nome="pi1312408" dataHora="21/08/2010 20:26:13"/>
    <ArquivoIndice nome="pi1610219" dataHora="21/08/2010 20:26:51"/>
    <ArquivoIndice nome="pi1312416" dataHora="21/08/2010 20:26:13"/>
    <ArquivoIndice nome="pi1310014" dataHora="21/08/2010 20:26:26"/>
    <ArquivoIndice nome="pi1111630" dataHora="21/08/2010 20:26:13"/>
    <ArquivoIndice nome="pi1310200" dataHora="21/08/2010 20:26:26"/>
    <ArquivoIndice nome="pi1610723" dataHora="21/08/2010 20:26:26"/>
    <ArquivoIndice nome="pi1511550" dataHora="21/08/2010 20:26:13"/>
    <ArquivoIndice nome="pi1310804" dataHora="21/08/2010 20:26:26"/>
    <ArquivoIndice nome="pi1710219" dataHora="21/08/2010 20:26:39"/>
    <ArquivoIndice nome="pi1612726" dataHora="21/08/2010 20:26:39"/>
    <ArquivoIndice nome="pi1110650" dataHora="21/08/2010 20:26:26"/>
    <ArquivoIndice nome="pi1712467" dataHora="21/08/2010 20:26:39"/>
    <ArquivoIndice nome="pi1312033" dataHora="21/08/2010 20:26:13"/>
    <ArquivoIndice nome="pi1111258" dataHora="21/08/2010 20:26:13"/>
    <ArquivoIndice nome="pi1610227" dataHora="21/08/2010 20:26:51"/>
    <ArquivoIndice nome="pi1310006" dataHora="21/08/2010 20:26:26"/>
    <ArquivoIndice nome="pi1312440" dataHora="21/08/2010 20:26:13"/>
    <ArquivoIndice nome="pi1310812" dataHora="21/08/2010 20:26:26"/>
    <ArquivoIndice nome="pi1610731" dataHora="21/08/2010 20:26:51"/>
    <ArquivoIndice nome="pi1712459" dataHora="21/08/2010 20:26:39"/>
    <ArquivoIndice nome="pi1710499" dataHora="21/08/2010 20:26:39"/>
    <ArquivoIndice nome="pi1710227" dataHora="21/08/2010 20:26:39"/>
    <ArquivoIndice nome="pi1312041" dataHora="21/08/2010 20:26:13"/>
    <ArquivoIndice nome="pi1612734" dataHora="21/08/2010 20:26:39"/>
    <ArquivoIndice nome="pi1611355" dataHora="21/08/2010 20:26:39"/>
    <ArquivoIndice nome="pi1112092" dataHora="21/08/2010 20:26:26"/>
    <ArquivoIndice nome="pi1312432" dataHora="21/08/2010 20:26:13"/>
    <ArquivoIndice nome="pi1111657" dataHora="21/08/2010 20:26:26"/>
    <ArquivoIndice nome="pi1610235" dataHora="21/08/2010 20:26:39"/>
    <ArquivoIndice nome="pi1310820" dataHora="21/08/2010 20:26:13"/>
    <ArquivoIndice nome="pi1612432" dataHora="21/08/2010 20:26:39"/>
    <ArquivoIndice nome="pi15v0011" dataHora="21/08/2010 20:25:48"/>
    <ArquivoIndice nome="pi15v0016" dataHora="21/08/2010 20:26:26"/>
    <ArquivoIndice nome="pi1512084" dataHora="21/08/2010 20:26:26"/>
    <ArquivoIndice nome="pi15v0014" dataHora="21/08/2010 20:26:13"/>
    <ArquivoIndice nome="pi1512734" dataHora="21/08/2010 20:26:13"/>
    <ArquivoIndice nome="pi1111894" dataHora="21/08/2010 20:26:26"/>
    <ArquivoIndice nome="pi1511096" dataHora="21/08/2010 20:26:26"/>
    <ArquivoIndice nome="pi1612637" dataHora="21/08/2010 20:26:39"/>
    <ArquivoIndice nome="pi1712696" dataHora="21/08/2010 20:26:39"/>
    <ArquivoIndice nome="pi15v0007" dataHora="21/08/2010 20:25:35"/>
    <ArquivoIndice nome="pi1510758" dataHora="21/08/2010 20:26:26"/>
    <ArquivoIndice nome="pi1612424" dataHora="21/08/2010 20:26:39"/>
    <ArquivoIndice nome="pi1111070" dataHora="21/08/2010 20:26:26"/>
    <ArquivoIndice nome="pi1311410" dataHora="21/08/2010 20:26:26"/>
    <ArquivoIndice nome="pi1511088" dataHora="21/08/2010 20:26:26"/>
    <ArquivoIndice nome="pi1612629" dataHora="21/08/2010 20:26:51"/>
    <ArquivoIndice nome="pi1311690" dataHora="21/08/2010 20:26:13"/>
    <ArquivoIndice nome="pi1111878" dataHora="21/08/2010 20:26:13"/>
    <ArquivoIndice nome="pi1511894" dataHora="21/08/2010 20:26:13"/>
    <ArquivoIndice nome="pi1512076" dataHora="21/08/2010 20:26:26"/>
    <ArquivoIndice nome="pi1510766" dataHora="21/08/2010 20:26:26"/>
    <ArquivoIndice nome="pi1511495" dataHora="21/08/2010 20:26:13"/>
    <ArquivoIndice nome="pi1511290" dataHora="21/08/2010 20:26:13"/>
    <ArquivoIndice nome="pi1111274" dataHora="21/08/2010 20:26:13"/>
    <ArquivoIndice nome="pi1111088" dataHora="21/08/2010 20:26:26"/>
    <ArquivoIndice nome="pi1612459" dataHora="21/08/2010 20:26:39"/>
    <ArquivoIndice nome="pi1712491" dataHora="21/08/2010 20:26:39"/>
    <ArquivoIndice nome="pi1610316" dataHora="21/08/2010 20:26:26"/>
    <ArquivoIndice nome="pi1712297" dataHora="21/08/2010 20:26:39"/>
    <ArquivoIndice nome="pi1511070" dataHora="21/08/2010 20:26:26"/>
    <ArquivoIndice nome="pi1610510" dataHora="21/08/2010 20:26:26"/>
    <ArquivoIndice nome="pi1612653" dataHora="21/08/2010 20:26:39"/>
    <ArquivoIndice nome="pi1510731" dataHora="21/08/2010 20:26:26"/>
    <ArquivoIndice nome="pi1111096" dataHora="21/08/2010 20:26:26"/>
    <ArquivoIndice nome="pi1711312" dataHora="21/08/2010 20:26:26"/>
    <ArquivoIndice nome="pi1612440" dataHora="21/08/2010 20:26:39"/>
    <ArquivoIndice nome="pi1311436" dataHora="21/08/2010 20:26:26"/>
    <ArquivoIndice nome="pi15v0001" dataHora="21/08/2010 17:01:40"/>
    <ArquivoIndice nome="pi1511274" dataHora="21/08/2010 20:26:13"/>
    <ArquivoIndice nome="pi1512092" dataHora="21/08/2010 20:26:13"/>
    <ArquivoIndice nome="pi1512726" dataHora="21/08/2010 20:26:13"/>
    <ArquivoIndice nome="pi1610308" dataHora="21/08/2010 20:26:51"/>
    <ArquivoIndice nome="pi1711517" dataHora="21/08/2010 20:26:51"/>
    <ArquivoIndice nome="pi1510740" dataHora="21/08/2010 20:26:13"/>
    <ArquivoIndice nome="pi1511479" dataHora="21/08/2010 20:26:13"/>
    <ArquivoIndice nome="pi1512718" dataHora="21/08/2010 20:26:13"/>
    <ArquivoIndice nome="pi1610502" dataHora="21/08/2010 20:26:51"/>
    <ArquivoIndice nome="pi1511878" dataHora="21/08/2010 20:26:13"/>
    <ArquivoIndice nome="pi1111290" dataHora="21/08/2010 20:26:13"/>
    <ArquivoIndice nome="pi1712092" dataHora="21/08/2010 20:26:51"/>
    <ArquivoIndice nome="pi1111851" dataHora="21/08/2010 20:26:26"/>
    <ArquivoIndice nome="pi1110715" dataHora="21/08/2010 20:26:13"/>
    <ArquivoIndice nome="pi1510510" dataHora="21/08/2010 20:26:26"/>
    <ArquivoIndice nome="pi1510707" dataHora="21/08/2010 20:26:13"/>
    <ArquivoIndice nome="pi1512041" dataHora="21/08/2010 20:26:13"/>
    <ArquivoIndice nome="pi1612670" dataHora="21/08/2010 20:26:39"/>
    <ArquivoIndice nome="pi1712653" dataHora="21/08/2010 20:26:26"/>
    <ArquivoIndice nome="pi1510715" dataHora="21/08/2010 20:26:13"/>
    <ArquivoIndice nome="pi1712270" dataHora="21/08/2010 20:26:26"/>
    <ArquivoIndice nome="pi1610537" dataHora="21/08/2010 20:26:39"/>
    <ArquivoIndice nome="pi1511258" dataHora="21/08/2010 20:26:13"/>
    <ArquivoIndice nome="pi1712289" dataHora="21/08/2010 20:26:39"/>
    <ArquivoIndice nome="pi1111037" dataHora="21/08/2010 20:26:13"/>
    <ArquivoIndice nome="pi1311452" dataHora="21/08/2010 20:26:26"/>
    <ArquivoIndice nome="pi1110707" dataHora="21/08/2010 20:26:26"/>
    <ArquivoIndice nome="pi1311231" dataHora="21/08/2010 20:26:26"/>
    <ArquivoIndice nome="pi1712661" dataHora="21/08/2010 20:26:26"/>
    <ArquivoIndice nome="pi1512033" dataHora="21/08/2010 20:26:13"/>
    <ArquivoIndice nome="pi1612661" dataHora="21/08/2010 20:26:39"/>
    <ArquivoIndice nome="pi1311657" dataHora="21/08/2010 20:26:26"/>
    <ArquivoIndice nome="pi1711533" dataHora="21/08/2010 20:26:39"/>
    <ArquivoIndice nome="pi1510723" dataHora="21/08/2010 20:26:26"/>
    <ArquivoIndice nome="pi1111835" dataHora="21/08/2010 20:26:26"/>
    <ArquivoIndice nome="pi17v0001" dataHora="21/08/2010 17:00:51"/>
    <ArquivoIndice nome="pi17v0007" dataHora="21/08/2010 20:25:35"/>
    <ArquivoIndice nome="pi1610529" dataHora="21/08/2010 20:26:39"/>
    <ArquivoIndice nome="pi1612416" dataHora="21/08/2010 20:26:39"/>
    <ArquivoIndice nome="pi1712254" dataHora="21/08/2010 20:26:51"/>
    <ArquivoIndice nome="pi1712670" dataHora="21/08/2010 20:26:26"/>
    <ArquivoIndice nome="pi1110200" dataHora="21/08/2010 20:26:26"/>
    <ArquivoIndice nome="pi1610553" dataHora="21/08/2010 20:26:39"/>
    <ArquivoIndice nome="pi1512068" dataHora="21/08/2010 20:26:13"/>
    <ArquivoIndice nome="pi1612696" dataHora="21/08/2010 20:26:26"/>
    <ArquivoIndice nome="pi1610693" dataHora="21/08/2010 20:26:39"/>
    <ArquivoIndice nome="pi1311215" dataHora="21/08/2010 20:26:13"/>
    <ArquivoIndice nome="pi1612408" dataHora="21/08/2010 20:26:51"/>
    <ArquivoIndice nome="pi1111053" dataHora="21/08/2010 20:26:26"/>
    <ArquivoIndice nome="pi1512050" dataHora="21/08/2010 20:26:13"/>
    <ArquivoIndice nome="pi1311479" dataHora="21/08/2010 20:26:13"/>
    <ArquivoIndice nome="pi1510502" dataHora="21/08/2010 20:26:13"/>
    <ArquivoIndice nome="pi1511231" dataHora="21/08/2010 20:26:26"/>
    <ArquivoIndice nome="pi1712688" dataHora="21/08/2010 20:26:39"/>
    <ArquivoIndice nome="pi1612688" dataHora="21/08/2010 20:26:51"/>
    <ArquivoIndice nome="pi1711550" dataHora="21/08/2010 20:26:39"/>
    <ArquivoIndice nome="pi1311673" dataHora="21/08/2010 20:26:26"/>
    <ArquivoIndice nome="pi1712262" dataHora="21/08/2010 20:26:51"/>
    <ArquivoIndice nome="pi1610685" dataHora="21/08/2010 20:26:39"/>
    <ArquivoIndice nome="pi1111819" dataHora="21/08/2010 20:26:13"/>
    <ArquivoIndice nome="pi1610545" dataHora="21/08/2010 20:26:26"/>
    <ArquivoIndice nome="pi1711770" dataHora="21/08/2010 20:26:39"/>
    <ArquivoIndice nome="pi1611819" dataHora="21/08/2010 20:26:51"/>
    <ArquivoIndice nome="pi1311894" dataHora="21/08/2010 20:26:13"/>
    <ArquivoIndice nome="pi1512009" dataHora="21/08/2010 20:26:13"/>
    <ArquivoIndice nome="pi1110022" dataHora="21/08/2010 20:26:26"/>
    <ArquivoIndice nome="pi1110219" dataHora="21/08/2010 20:26:26"/>
    <ArquivoIndice nome="pi1312734" dataHora="21/08/2010 20:26:13"/>
    <ArquivoIndice nome="pi1510960" dataHora="21/08/2010 20:26:26"/>
    <ArquivoIndice nome="pi1112394" dataHora="21/08/2010 20:26:26"/>
    <ArquivoIndice nome="pi1110952" dataHora="21/08/2010 20:26:26"/>
    <ArquivoIndice nome="pi1712610" dataHora="21/08/2010 20:26:39"/>
    <ArquivoIndice nome="pi1712041" dataHora="21/08/2010 20:26:26"/>
    <ArquivoIndice nome="pi1711975" dataHora="21/08/2010 20:26:39"/>
    <ArquivoIndice nome="pi1110944" dataHora="21/08/2010 20:26:26"/>
    <ArquivoIndice nome="pi1512548" dataHora="21/08/2010 20:26:26"/>
    <ArquivoIndice nome="pi1612149" dataHora="21/08/2010 20:26:39"/>
    <ArquivoIndice nome="pi1110227" dataHora="21/08/2010 20:26:26"/>
    <ArquivoIndice nome="pi1510154" dataHora="21/08/2010 20:26:26"/>
    <ArquivoIndice nome="pi1112599" dataHora="21/08/2010 20:26:26"/>
    <ArquivoIndice nome="pi1511010" dataHora="21/08/2010 20:26:13"/>
    <ArquivoIndice nome="pi1510553" dataHora="21/08/2010 20:26:13"/>
    <ArquivoIndice nome="pi1310669" dataHora="21/08/2010 20:26:13"/>
    <ArquivoIndice nome="pi1710804" dataHora="21/08/2010 20:26:51"/>
    <ArquivoIndice nome="pi1611614" dataHora="21/08/2010 20:26:39"/>
    <ArquivoIndice nome="pi1510952" dataHora="21/08/2010 20:26:13"/>
    <ArquivoIndice nome="pi1712629" dataHora="21/08/2010 20:26:26"/>
    <ArquivoIndice nome="pi1711193" dataHora="21/08/2010 20:26:39"/>
    <ArquivoIndice nome="pi1110014" dataHora="21/08/2010 20:26:26"/>
    <ArquivoIndice nome="pi1110960" dataHora="21/08/2010 20:26:13"/>
    <ArquivoIndice nome="pi1711371" dataHora="21/08/2010 20:26:39"/>
    <ArquivoIndice nome="pi1711576" dataHora="21/08/2010 20:26:39"/>
    <ArquivoIndice nome="pi1510162" dataHora="21/08/2010 20:26:26"/>
    <ArquivoIndice nome="pi1712033" dataHora="21/08/2010 20:26:39"/>
    <ArquivoIndice nome="pi1612157" dataHora="21/08/2010 20:26:39"/>
    <ArquivoIndice nome="pi1311274" dataHora="21/08/2010 20:26:13"/>
    <ArquivoIndice nome="pi1311070" dataHora="21/08/2010 20:26:26"/>
    <ArquivoIndice nome="pi1310650" dataHora="21/08/2010 20:26:13"/>
    <ArquivoIndice nome="pi1311495" dataHora="21/08/2010 20:26:26"/>
    <ArquivoIndice nome="pi1510561" dataHora="21/08/2010 20:26:26"/>
    <ArquivoIndice nome="pi1512530" dataHora="21/08/2010 20:26:13"/>
    <ArquivoIndice nome="pi17v0016" dataHora="21/08/2010 20:26:26"/>
    <ArquivoIndice nome="pi1711797" dataHora="21/08/2010 20:26:39"/>
    <ArquivoIndice nome="pi1510944" dataHora="21/08/2010 20:26:13"/>
    <ArquivoIndice nome="pi17v0014" dataHora="21/08/2010 20:26:13"/>
    <ArquivoIndice nome="pi1712637" dataHora="21/08/2010 20:26:26"/>
    <ArquivoIndice nome="pi1512025" dataHora="21/08/2010 20:26:13"/>
    <ArquivoIndice nome="pi1110049" dataHora="21/08/2010 20:26:26"/>
    <ArquivoIndice nome="pi17v0011" dataHora="21/08/2010 20:25:48"/>
    <ArquivoIndice nome="pi1510529" dataHora="21/08/2010 20:26:13"/>
    <ArquivoIndice nome="pi1510537" dataHora="21/08/2010 20:26:26"/>
    <ArquivoIndice nome="pi1110928" dataHora="21/08/2010 20:26:26"/>
    <ArquivoIndice nome="pi1110243" dataHora="21/08/2010 20:26:13"/>
    <ArquivoIndice nome="pi1712025" dataHora="21/08/2010 20:26:26"/>
    <ArquivoIndice nome="pi1612165" dataHora="21/08/2010 20:26:51"/>
    <ArquivoIndice nome="pi1512521" dataHora="21/08/2010 20:26:26"/>
    <ArquivoIndice nome="pi1310642" dataHora="21/08/2010 20:26:13"/>
    <ArquivoIndice nome="pi1510138" dataHora="21/08/2010 20:26:26"/>
    <ArquivoIndice nome="pi1710820" dataHora="21/08/2010 20:26:26"/>
    <ArquivoIndice nome="pi1711991" dataHora="21/08/2010 20:26:26"/>
    <ArquivoIndice nome="pi1510936" dataHora="21/08/2010 20:26:26"/>
    <ArquivoIndice nome="pi1710502" dataHora="21/08/2010 20:26:39"/>
    <ArquivoIndice nome="pi1110030" dataHora="21/08/2010 20:26:13"/>
    <ArquivoIndice nome="pi1310626" dataHora="21/08/2010 20:26:26"/>
    <ArquivoIndice nome="pi1512017" dataHora="21/08/2010 20:26:26"/>
    <ArquivoIndice nome="pi1611630" dataHora="21/08/2010 20:26:39"/>
    <ArquivoIndice nome="pi1612173" dataHora="21/08/2010 20:26:39"/>
    <ArquivoIndice nome="pi1311053" dataHora="21/08/2010 20:26:13"/>
    <ArquivoIndice nome="pi1711592" dataHora="21/08/2010 20:26:39"/>
    <ArquivoIndice nome="pi1110235" dataHora="21/08/2010 20:26:26"/>
    <ArquivoIndice nome="pi1712017" dataHora="21/08/2010 20:26:39"/>
    <ArquivoIndice nome="pi1110936" dataHora="21/08/2010 20:26:13"/>
    <ArquivoIndice nome="pi1510146" dataHora="21/08/2010 20:26:13"/>
    <ArquivoIndice nome="pi1711398" dataHora="21/08/2010 20:26:39"/>
    <ArquivoIndice nome="pi1512513" dataHora="21/08/2010 20:26:13"/>
    <ArquivoIndice nome="pi1510545" dataHora="21/08/2010 20:26:13"/>
    <ArquivoIndice nome="pi1611835" dataHora="21/08/2010 20:26:26"/>
    <ArquivoIndice nome="pi1310634" dataHora="21/08/2010 20:26:26"/>
    <ArquivoIndice nome="pi1710812" dataHora="21/08/2010 20:26:39"/>
    <ArquivoIndice nome="pi1711177" dataHora="21/08/2010 20:26:39"/>
    <ArquivoIndice nome="pi1510928" dataHora="21/08/2010 20:26:13"/>
    <ArquivoIndice nome="pi1311258" dataHora="21/08/2010 20:26:26"/>
    <ArquivoIndice nome="pi1312173" dataHora="21/08/2010 20:26:13"/>
    <ArquivoIndice nome="pi1711738" dataHora="21/08/2010 20:26:26"/>
    <ArquivoIndice nome="pi1112351" dataHora="21/08/2010 20:26:26"/>
    <ArquivoIndice nome="pi1712084" dataHora="21/08/2010 20:26:26"/>
    <ArquivoIndice nome="pi1710839" dataHora="21/08/2010 20:26:39"/>
    <ArquivoIndice nome="pi1310618" dataHora="21/08/2010 20:26:13"/>
    <ArquivoIndice nome="pi1510790" dataHora="21/08/2010 20:26:13"/>
    <ArquivoIndice nome="pi1310421" dataHora="21/08/2010 20:26:13"/>
    <ArquivoIndice nome="pi1710707" dataHora="21/08/2010 20:26:39"/>
    <ArquivoIndice nome="pi1512300" dataHora="21/08/2010 20:26:26"/>
    <ArquivoIndice nome="pi1710081" dataHora="21/08/2010 20:26:39"/>
    <ArquivoIndice nome="pi1710715" dataHora="21/08/2010 20:26:39"/>
    <ArquivoIndice nome="pi1511053" dataHora="21/08/2010 20:26:13"/>
    <ArquivoIndice nome="pi1612106" dataHora="21/08/2010 20:26:39"/>
    <ArquivoIndice nome="pi1110260" dataHora="21/08/2010 20:26:26"/>
    <ArquivoIndice nome="pi1510596" dataHora="21/08/2010 20:26:26"/>
    <ArquivoIndice nome="pi1710847" dataHora="21/08/2010 20:26:39"/>
    <ArquivoIndice nome="pi1510197" dataHora="21/08/2010 20:26:13"/>
    <ArquivoIndice nome="pi1110901" dataHora="21/08/2010 20:26:13"/>
    <ArquivoIndice nome="pi1512505" dataHora="21/08/2010 20:26:13"/>
    <ArquivoIndice nome="pi1612475" dataHora="21/08/2010 20:26:26"/>
    <ArquivoIndice nome="pi1112360" dataHora="21/08/2010 20:26:13"/>
    <ArquivoIndice nome="pi1712076" dataHora="21/08/2010 20:26:39"/>
    <ArquivoIndice nome="pi1510995" dataHora="21/08/2010 20:26:26"/>
    <ArquivoIndice nome="pi1311037" dataHora="21/08/2010 20:26:13"/>
    <ArquivoIndice nome="pi1710073" dataHora="21/08/2010 20:26:51"/>
    <ArquivoIndice nome="pi1310413" dataHora="21/08/2010 20:26:13"/>
    <ArquivoIndice nome="pi1511851" dataHora="21/08/2010 20:26:26"/>
    <ArquivoIndice nome="pi1711339" dataHora="21/08/2010 20:26:26"/>
    <ArquivoIndice nome="pi1512700" dataHora="21/08/2010 20:26:13"/>
    <ArquivoIndice nome="pi1710723" dataHora="21/08/2010 20:26:51"/>
    <ArquivoIndice nome="pi1110251" dataHora="21/08/2010 20:26:26"/>
    <ArquivoIndice nome="pi1110910" dataHora="21/08/2010 20:26:26"/>
    <ArquivoIndice nome="pi1612467" dataHora="21/08/2010 20:26:26"/>
    <ArquivoIndice nome="pi1612114" dataHora="21/08/2010 20:26:51"/>
    <ArquivoIndice nome="pi1312181" dataHora="21/08/2010 20:26:26"/>
    <ArquivoIndice nome="pi1611851" dataHora="21/08/2010 20:26:39"/>
    <ArquivoIndice nome="pi1510170" dataHora="21/08/2010 20:26:26"/>
    <ArquivoIndice nome="pi1110006" dataHora="21/08/2010 20:26:13"/>
    <ArquivoIndice nome="pi1612491" dataHora="21/08/2010 20:26:51"/>
    <ArquivoIndice nome="pi1510774" dataHora="21/08/2010 20:26:26"/>
    <ArquivoIndice nome="pi1310405" dataHora="21/08/2010 20:26:13"/>
    <ArquivoIndice nome="pi1510987" dataHora="21/08/2010 20:26:26"/>
    <ArquivoIndice nome="pi1711754" dataHora="21/08/2010 20:26:51"/>
    <ArquivoIndice nome="pi1112378" dataHora="21/08/2010 20:26:13"/>
    <ArquivoIndice nome="pi1310600" dataHora="21/08/2010 20:26:13"/>
    <ArquivoIndice nome="pi1511037" dataHora="21/08/2010 20:26:26"/>
    <ArquivoIndice nome="pi1510570" dataHora="21/08/2010 20:26:13"/>
    <ArquivoIndice nome="pi1710863" dataHora="21/08/2010 20:26:39"/>
    <ArquivoIndice nome="pi1312190" dataHora="21/08/2010 20:26:13"/>
    <ArquivoIndice nome="pi1612122" dataHora="21/08/2010 20:26:51"/>
    <ArquivoIndice nome="pi1712068" dataHora="21/08/2010 20:26:51"/>
    <ArquivoIndice nome="pi1110286" dataHora="21/08/2010 20:26:26"/>
    <ArquivoIndice nome="pi1511819" dataHora="21/08/2010 20:26:13"/>
    <ArquivoIndice nome="pi1710731" dataHora="21/08/2010 20:26:39"/>
    <ArquivoIndice nome="pi1311010" dataHora="21/08/2010 20:26:26"/>
    <ArquivoIndice nome="pi1112386" dataHora="21/08/2010 20:26:13"/>
    <ArquivoIndice nome="pi1612130" dataHora="21/08/2010 20:26:39"/>
    <ArquivoIndice nome="pi1311290" dataHora="21/08/2010 20:26:26"/>
    <ArquivoIndice nome="pi1511835" dataHora="21/08/2010 20:26:13"/>
    <ArquivoIndice nome="pi1712050" dataHora="21/08/2010 20:26:39"/>
    <ArquivoIndice nome="pi1510782" dataHora="21/08/2010 20:26:26"/>
    <ArquivoIndice nome="pi1510979" dataHora="21/08/2010 20:26:26"/>
    <ArquivoIndice nome="pi1710090" dataHora="21/08/2010 20:26:39"/>
    <ArquivoIndice nome="pi1712602" dataHora="21/08/2010 20:26:39"/>
    <ArquivoIndice nome="pi1710855" dataHora="21/08/2010 20:26:39"/>
    <ArquivoIndice nome="pi1611878" dataHora="21/08/2010 20:26:39"/>
    <ArquivoIndice nome="pi1612483" dataHora="21/08/2010 20:26:39"/>
    <ArquivoIndice nome="pi1510189" dataHora="21/08/2010 20:26:26"/>
    <ArquivoIndice nome="pi1711355" dataHora="21/08/2010 20:26:39"/>
    <ArquivoIndice nome="pi1510588" dataHora="21/08/2010 20:26:13"/>
    <ArquivoIndice nome="pi1110278" dataHora="21/08/2010 20:26:26"/>
    <ArquivoIndice nome="pi1710740" dataHora="21/08/2010 20:26:39"/>
    <ArquivoIndice nome="pi1611088" dataHora="21/08/2010 20:26:26"/>
    <ArquivoIndice nome="pi1710898" dataHora="21/08/2010 20:26:26"/>
    <ArquivoIndice nome="pi1510383" dataHora="21/08/2010 20:26:13"/>
    <ArquivoIndice nome="pi1512351" dataHora="21/08/2010 20:26:13"/>
    <ArquivoIndice nome="pi1310162" dataHora="21/08/2010 20:26:26"/>
    <ArquivoIndice nome="pi1710545" dataHora="21/08/2010 20:26:39"/>
    <ArquivoIndice nome="pi1510308" dataHora="21/08/2010 20:26:26"/>
    <ArquivoIndice nome="pi1112424" dataHora="21/08/2010 20:26:26"/>
    <ArquivoIndice nome="pi1112610" dataHora="21/08/2010 20:26:13"/>
    <ArquivoIndice nome="pi1612092" dataHora="21/08/2010 20:26:39"/>
    <ArquivoIndice nome="pi1311096" dataHora="21/08/2010 20:26:13"/>
    <ArquivoIndice nome="pi1611975" dataHora="21/08/2010 20:26:26"/>
    <ArquivoIndice nome="pi1611673" dataHora="21/08/2010 20:26:39"/>
    <ArquivoIndice nome="pi1112220" dataHora="21/08/2010 20:26:13"/>
    <ArquivoIndice nome="pi1710138" dataHora="21/08/2010 20:26:51"/>
    <ArquivoIndice nome="pi1710340" dataHora="21/08/2010 20:26:26"/>
    <ArquivoIndice nome="pi1310553" dataHora="21/08/2010 20:26:26"/>
    <ArquivoIndice nome="pi1112181" dataHora="21/08/2010 20:26:26"/>
    <ArquivoIndice nome="pi1611479" dataHora="21/08/2010 20:26:51"/>
    <ArquivoIndice nome="pi1510103" dataHora="21/08/2010 20:26:26"/>
    <ArquivoIndice nome="pi1312599" dataHora="21/08/2010 20:26:13"/>
    <ArquivoIndice nome="pi1710537" dataHora="21/08/2010 20:26:51"/>
    <ArquivoIndice nome="pi1510375" dataHora="21/08/2010 20:26:13"/>
    <ArquivoIndice nome="pi1112416" dataHora="21/08/2010 20:26:26"/>
    <ArquivoIndice nome="pi1310154" dataHora="21/08/2010 20:26:13"/>
    <ArquivoIndice nome="pi1111576" dataHora="21/08/2010 20:26:13"/>
    <ArquivoIndice nome="pi1311088" dataHora="21/08/2010 20:26:26"/>
    <ArquivoIndice nome="pi1612084" dataHora="21/08/2010 20:26:51"/>
    <ArquivoIndice nome="pi1711916" dataHora="21/08/2010 20:26:39"/>
    <ArquivoIndice nome="pi1310987" dataHora="21/08/2010 20:26:13"/>
    <ArquivoIndice nome="pi1311991" dataHora="21/08/2010 20:26:13"/>
    <ArquivoIndice nome="pi1310979" dataHora="21/08/2010 20:26:13"/>
    <ArquivoIndice nome="pi1710332" dataHora="21/08/2010 20:26:26"/>
    <ArquivoIndice nome="pi1312394" dataHora="21/08/2010 20:26:13"/>
    <ArquivoIndice nome="pi1711711" dataHora="21/08/2010 20:26:39"/>
    <ArquivoIndice nome="pi1310561" dataHora="21/08/2010 20:26:26"/>
    <ArquivoIndice nome="pi1112211" dataHora="21/08/2010 20:26:26"/>
    <ArquivoIndice nome="pi1611274" dataHora="21/08/2010 20:26:39"/>
    <ArquivoIndice nome="pi1611070" dataHora="21/08/2010 20:26:51"/>
    <ArquivoIndice nome="pi1112173" dataHora="21/08/2010 20:26:13"/>
    <ArquivoIndice nome="pi1112408" dataHora="21/08/2010 20:26:26"/>
    <ArquivoIndice nome="pi1710146" dataHora="21/08/2010 20:26:39"/>
    <ArquivoIndice nome="pi1512360" dataHora="21/08/2010 20:26:13"/>
    <ArquivoIndice nome="pi1311711" dataHora="21/08/2010 20:26:13"/>
    <ArquivoIndice nome="pi1111371" dataHora="21/08/2010 20:26:13"/>
    <ArquivoIndice nome="pi1512378" dataHora="21/08/2010 20:26:13"/>
    <ArquivoIndice nome="pi1611657" dataHora="21/08/2010 20:26:39"/>
    <ArquivoIndice nome="pi1611991" dataHora="21/08/2010 20:26:39"/>
    <ArquivoIndice nome="pi1710529" dataHora="21/08/2010 20:26:26"/>
    <ArquivoIndice nome="pi1510324" dataHora="21/08/2010 20:26:26"/>
    <ArquivoIndice nome="pi1710871" dataHora="21/08/2010 20:26:39"/>
    <ArquivoIndice nome="pi1310952" dataHora="21/08/2010 20:26:26"/>
    <ArquivoIndice nome="pi1111339" dataHora="21/08/2010 20:26:13"/>
    <ArquivoIndice nome="pi1310189" dataHora="21/08/2010 20:26:26"/>
    <ArquivoIndice nome="pi1312580" dataHora="21/08/2010 20:26:13"/>
    <ArquivoIndice nome="pi1312386" dataHora="21/08/2010 20:26:13"/>
    <ArquivoIndice nome="pi1310570" dataHora="21/08/2010 20:26:26"/>
    <ArquivoIndice nome="pi1611452" dataHora="21/08/2010 20:26:26"/>
    <ArquivoIndice nome="pi1510120" dataHora="21/08/2010 20:26:26"/>
    <ArquivoIndice nome="pi1612076" dataHora="21/08/2010 20:26:51"/>
    <ArquivoIndice nome="pi1710324" dataHora="21/08/2010 20:26:26"/>
    <ArquivoIndice nome="pi1112165" dataHora="21/08/2010 20:26:26"/>
    <ArquivoIndice nome="pi1710111" dataHora="21/08/2010 20:26:51"/>
    <ArquivoIndice nome="pi1311959" dataHora="21/08/2010 20:26:26"/>
    <ArquivoIndice nome="pi1112203" dataHora="21/08/2010 20:26:26"/>
    <ArquivoIndice nome="pi1510316" dataHora="21/08/2010 20:26:13"/>
    <ArquivoIndice nome="pi1111550" dataHora="21/08/2010 20:26:13"/>
    <ArquivoIndice nome="pi1311975" dataHora="21/08/2010 20:26:13"/>
    <ArquivoIndice nome="pi1611053" dataHora="21/08/2010 20:26:26"/>
    <ArquivoIndice nome="pi1310170" dataHora="21/08/2010 20:26:13"/>
    <ArquivoIndice nome="pi1512386" dataHora="21/08/2010 20:26:13"/>
    <ArquivoIndice nome="pi1312572" dataHora="21/08/2010 20:26:13"/>
    <ArquivoIndice nome="pi1112602" dataHora="21/08/2010 20:26:13"/>
    <ArquivoIndice nome="pi1710510" dataHora="21/08/2010 20:26:39"/>
    <ArquivoIndice nome="pi1710880" dataHora="21/08/2010 20:26:39"/>
    <ArquivoIndice nome="pi1310960" dataHora="21/08/2010 20:26:13"/>
    <ArquivoIndice nome="pi1510111" dataHora="21/08/2010 20:26:13"/>
    <ArquivoIndice nome="pi1112157" dataHora="21/08/2010 20:26:26"/>
    <ArquivoIndice nome="pi1111355" dataHora="21/08/2010 20:26:13"/>
    <ArquivoIndice nome="pi1512106" dataHora="21/08/2010 20:26:26"/>
    <ArquivoIndice nome="pi1612068" dataHora="21/08/2010 20:26:51"/>
    <ArquivoIndice nome="pi1710316" dataHora="21/08/2010 20:26:51"/>
    <ArquivoIndice nome="pi1611258" dataHora="21/08/2010 20:26:26"/>
    <ArquivoIndice nome="pi1510391" dataHora="21/08/2010 20:26:26"/>
    <ArquivoIndice nome="pi1710120" dataHora="21/08/2010 20:26:26"/>
    <ArquivoIndice nome="pi1312378" dataHora="21/08/2010 20:26:26"/>
    <ArquivoIndice nome="pi1310588" dataHora="21/08/2010 20:26:13"/>
    <ArquivoIndice nome="pi1510340" dataHora="21/08/2010 20:26:26"/>
    <ArquivoIndice nome="pi1611932" dataHora="21/08/2010 20:26:26"/>
    <ArquivoIndice nome="pi1710588" dataHora="21/08/2010 20:26:39"/>
    <ArquivoIndice nome="pi1110979" dataHora="21/08/2010 20:26:13"/>
    <ArquivoIndice nome="pi1512319" dataHora="21/08/2010 20:26:13"/>
    <ArquivoIndice nome="pi1610189" dataHora="21/08/2010 20:26:39"/>
    <ArquivoIndice nome="pi1110570" dataHora="21/08/2010 20:26:26"/>
    <ArquivoIndice nome="pi1610804" dataHora="21/08/2010 20:26:39"/>
    <ArquivoIndice nome="pi1310790" dataHora="21/08/2010 20:26:13"/>
    <ArquivoIndice nome="pi1710170" dataHora="21/08/2010 20:26:39"/>
    <ArquivoIndice nome="pi1112467" dataHora="21/08/2010 20:26:13"/>
    <ArquivoIndice nome="pi1711010" dataHora="21/08/2010 20:26:51"/>
    <ArquivoIndice nome="pi1311738" dataHora="21/08/2010 20:26:13"/>
    <ArquivoIndice nome="pi1710308" dataHora="21/08/2010 20:26:26"/>
    <ArquivoIndice nome="pi1310596" dataHora="21/08/2010 20:26:26"/>
    <ArquivoIndice nome="pi1611436" dataHora="21/08/2010 20:26:51"/>
    <ArquivoIndice nome="pi1110197" dataHora="21/08/2010 20:26:26"/>
    <ArquivoIndice nome="pi1512114" dataHora="21/08/2010 20:26:26"/>
    <ArquivoIndice nome="pi1312360" dataHora="21/08/2010 20:26:13"/>
    <ArquivoIndice nome="pi1312602" dataHora="21/08/2010 20:26:13"/>
    <ArquivoIndice nome="pi1112149" dataHora="21/08/2010 20:26:26"/>
    <ArquivoIndice nome="pi1610197" dataHora="21/08/2010 20:26:39"/>
    <ArquivoIndice nome="pi1512327" dataHora="21/08/2010 20:26:13"/>
    <ArquivoIndice nome="pi1711959" dataHora="21/08/2010 20:26:26"/>
    <ArquivoIndice nome="pi1710570" dataHora="21/08/2010 20:26:51"/>
    <ArquivoIndice nome="pi1610812" dataHora="21/08/2010 20:26:51"/>
    <ArquivoIndice nome="pi1510332" dataHora="21/08/2010 20:26:13"/>
    <ArquivoIndice nome="pi1310197" dataHora="21/08/2010 20:26:13"/>
    <ArquivoIndice nome="pi1112459" dataHora="21/08/2010 20:26:13"/>
    <ArquivoIndice nome="pi1110588" dataHora="21/08/2010 20:26:26"/>
    <ArquivoIndice nome="pi1611037" dataHora="21/08/2010 20:26:39"/>
    <ArquivoIndice nome="pi1512122" dataHora="21/08/2010 20:26:26"/>
    <ArquivoIndice nome="pi1310391" dataHora="21/08/2010 20:26:13"/>
    <ArquivoIndice nome="pi1311754" dataHora="21/08/2010 20:26:13"/>
    <ArquivoIndice nome="pi1710189" dataHora="21/08/2010 20:26:39"/>
    <ArquivoIndice nome="pi1112130" dataHora="21/08/2010 20:26:13"/>
    <ArquivoIndice nome="pi1312351" dataHora="21/08/2010 20:26:13"/>
    <ArquivoIndice nome="pi1112440" dataHora="21/08/2010 20:26:13"/>
    <ArquivoIndice nome="pi1611959" dataHora="21/08/2010 20:26:26"/>
    <ArquivoIndice nome="pi1710561" dataHora="21/08/2010 20:26:39"/>
    <ArquivoIndice nome="pi1310995" dataHora="21/08/2010 20:26:26"/>
    <ArquivoIndice nome="pi1610162" dataHora="21/08/2010 20:26:39"/>
    <ArquivoIndice nome="pi1610820" dataHora="21/08/2010 20:26:26"/>
    <ArquivoIndice nome="pi1711037" dataHora="21/08/2010 20:26:51"/>
    <ArquivoIndice nome="pi1512335" dataHora="21/08/2010 20:26:13"/>
    <ArquivoIndice nome="pi1110596" dataHora="21/08/2010 20:26:26"/>
    <ArquivoIndice nome="pi1510367" dataHora="21/08/2010 20:26:13"/>
    <ArquivoIndice nome="pi1112122" dataHora="21/08/2010 20:26:13"/>
    <ArquivoIndice nome="pi1511614" dataHora="21/08/2010 20:26:13"/>
    <ArquivoIndice nome="pi1710154" dataHora="21/08/2010 20:26:39"/>
    <ArquivoIndice nome="pi1512130" dataHora="21/08/2010 20:26:26"/>
    <ArquivoIndice nome="pi1311916" dataHora="21/08/2010 20:26:13"/>
    <ArquivoIndice nome="pi1110170" dataHora="21/08/2010 20:26:26"/>
    <ArquivoIndice nome="pi1312343" dataHora="21/08/2010 20:26:26"/>
    <ArquivoIndice nome="pi1611690" dataHora="21/08/2010 20:26:39"/>
    <ArquivoIndice nome="pi1611410" dataHora="21/08/2010 20:26:51"/>
    <ArquivoIndice nome="pi1711290" dataHora="21/08/2010 20:26:51"/>
    <ArquivoIndice nome="pi1711932" dataHora="21/08/2010 20:26:39"/>
    <ArquivoIndice nome="pi1110987" dataHora="21/08/2010 20:26:26"/>
    <ArquivoIndice nome="pi1511215" dataHora="21/08/2010 20:26:13"/>
    <ArquivoIndice nome="pi1710553" dataHora="21/08/2010 20:26:39"/>
    <ArquivoIndice nome="pi1311932" dataHora="21/08/2010 20:26:26"/>
    <ArquivoIndice nome="pi1111592" dataHora="21/08/2010 20:26:26"/>
    <ArquivoIndice nome="pi1512343" dataHora="21/08/2010 20:26:26"/>
    <ArquivoIndice nome="pi1611010" dataHora="21/08/2010 20:26:39"/>
    <ArquivoIndice nome="pi1710162" dataHora="21/08/2010 20:26:39"/>
    <ArquivoIndice nome="pi1112432" dataHora="21/08/2010 20:26:26"/>
    <ArquivoIndice nome="pi1510359" dataHora="21/08/2010 20:26:13"/>
    <ArquivoIndice nome="pi1611290" dataHora="21/08/2010 20:26:39"/>
    <ArquivoIndice nome="pi1312335" dataHora="21/08/2010 20:26:13"/>
    <ArquivoIndice nome="pi1110995" dataHora="21/08/2010 20:26:26"/>
    <ArquivoIndice nome="pi1610170" dataHora="21/08/2010 20:26:26"/>
    <ArquivoIndice nome="pi1110189" dataHora="21/08/2010 20:26:26"/>
    <ArquivoIndice nome="pi1111312" dataHora="21/08/2010 20:26:26"/>
    <ArquivoIndice nome="pi1512149" dataHora="21/08/2010 20:26:13"/>
    <ArquivoIndice nome="pi1112114" dataHora="21/08/2010 20:26:13"/>
    <ArquivoIndice nome="pi1610340" dataHora="21/08/2010 20:26:26"/>
    <ArquivoIndice nome="pi1312114" dataHora="21/08/2010 20:26:26"/>
    <ArquivoIndice nome="pi1610839" dataHora="21/08/2010 20:26:26"/>
    <ArquivoIndice nome="pi1310367" dataHora="21/08/2010 20:26:13"/>
    <ArquivoIndice nome="pi1511630" dataHora="21/08/2010 20:26:13"/>
    <ArquivoIndice nome="pi1712300" dataHora="21/08/2010 20:26:26"/>
    <ArquivoIndice nome="pi1610642" dataHora="21/08/2010 20:26:26"/>
    <ArquivoIndice nome="pi1312327" dataHora="21/08/2010 20:26:26"/>
    <ArquivoIndice nome="pi1110529" dataHora="21/08/2010 20:26:13"/>
    <ArquivoIndice nome="pi1512157" dataHora="21/08/2010 20:26:13"/>
    <ArquivoIndice nome="pi1110731" dataHora="21/08/2010 20:26:26"/>
    <ArquivoIndice nome="pi1312521" dataHora="21/08/2010 20:26:13"/>
    <ArquivoIndice nome="pi1511436" dataHora="21/08/2010 20:26:13"/>
    <ArquivoIndice nome="pi1110723" dataHora="21/08/2010 20:26:26"/>
    <ArquivoIndice nome="pi1712106" dataHora="21/08/2010 20:26:39"/>
    <ArquivoIndice nome="pi1112696" dataHora="21/08/2010 20:26:26"/>
    <ArquivoIndice nome="pi1610847" dataHora="21/08/2010 20:26:39"/>
    <ArquivoIndice nome="pi1610146" dataHora="21/08/2010 20:26:39"/>
    <ArquivoIndice nome="pi1512564" dataHora="21/08/2010 20:26:26"/>
    <ArquivoIndice nome="pi1310359" dataHora="21/08/2010 20:26:13"/>
    <ArquivoIndice nome="pi1110537" dataHora="21/08/2010 20:26:26"/>
    <ArquivoIndice nome="pi1610359" dataHora="21/08/2010 20:26:26"/>
    <ArquivoIndice nome="pi1512165" dataHora="21/08/2010 20:26:26"/>
    <ArquivoIndice nome="pi1110740" dataHora="21/08/2010 20:26:26"/>
    <ArquivoIndice nome="pi1312319" dataHora="21/08/2010 20:26:26"/>
    <ArquivoIndice nome="pi1610650" dataHora="21/08/2010 20:26:39"/>
    <ArquivoIndice nome="pi1312122" dataHora="21/08/2010 20:26:26"/>
    <ArquivoIndice nome="pi1512556" dataHora="21/08/2010 20:26:13"/>
    <ArquivoIndice nome="pi1312513" dataHora="21/08/2010 20:26:13"/>
    <ArquivoIndice nome="pi1110545" dataHora="21/08/2010 20:26:13"/>
    <ArquivoIndice nome="pi1610855" dataHora="21/08/2010 20:26:39"/>
    <ArquivoIndice nome="pi1610154" dataHora="21/08/2010 20:26:39"/>
    <ArquivoIndice nome="pi1512580" dataHora="21/08/2010 20:26:26"/>
    <ArquivoIndice nome="pi1610669" dataHora="21/08/2010 20:26:39"/>
    <ArquivoIndice nome="pi1312300" dataHora="21/08/2010 20:26:13"/>
    <ArquivoIndice nome="pi1712327" dataHora="21/08/2010 20:26:39"/>
    <ArquivoIndice nome="pi1310383" dataHora="21/08/2010 20:26:13"/>
    <ArquivoIndice nome="pi1511657" dataHora="21/08/2010 20:26:26"/>
    <ArquivoIndice nome="pi1610324" dataHora="21/08/2010 20:26:39"/>
    <ArquivoIndice nome="pi1112670" dataHora="21/08/2010 20:26:13"/>
    <ArquivoIndice nome="pi1512173" dataHora="21/08/2010 20:26:13"/>
    <ArquivoIndice nome="pi1312505" dataHora="21/08/2010 20:26:13"/>
    <ArquivoIndice nome="pi1712122" dataHora="21/08/2010 20:26:51"/>
    <ArquivoIndice nome="pi1110553" dataHora="21/08/2010 20:26:13"/>
    <ArquivoIndice nome="pi1511452" dataHora="21/08/2010 20:26:13"/>
    <ArquivoIndice nome="pi1610120" dataHora="21/08/2010 20:26:39"/>
    <ArquivoIndice nome="pi1310103" dataHora="21/08/2010 20:26:26"/>
    <ArquivoIndice nome="pi1610863" dataHora="21/08/2010 20:26:39"/>
    <ArquivoIndice nome="pi1610332" dataHora="21/08/2010 20:26:51"/>
    <ArquivoIndice nome="pi1312106" dataHora="21/08/2010 20:26:26"/>
    <ArquivoIndice nome="pi1712319" dataHora="21/08/2010 20:26:51"/>
    <ArquivoIndice nome="pi1610677" dataHora="21/08/2010 20:26:39"/>
    <ArquivoIndice nome="pi1611916" dataHora="21/08/2010 20:26:39"/>
    <ArquivoIndice nome="pi1310375" dataHora="21/08/2010 20:26:13"/>
    <ArquivoIndice nome="pi1110766" dataHora="21/08/2010 20:26:26"/>
    <ArquivoIndice nome="pi1512181" dataHora="21/08/2010 20:26:26"/>
    <ArquivoIndice nome="pi1610871" dataHora="21/08/2010 20:26:26"/>
    <ArquivoIndice nome="pi1712114" dataHora="21/08/2010 20:26:39"/>
    <ArquivoIndice nome="pi1610138" dataHora="21/08/2010 20:26:51"/>
    <ArquivoIndice nome="pi1110561" dataHora="21/08/2010 20:26:26"/>
    <ArquivoIndice nome="pi1110758" dataHora="21/08/2010 20:26:26"/>
    <ArquivoIndice nome="pi1112688" dataHora="21/08/2010 20:26:13"/>
    <ArquivoIndice nome="pi1710391" dataHora="21/08/2010 20:26:39"/>
    <ArquivoIndice nome="pi1710596" dataHora="21/08/2010 20:26:39"/>
    <ArquivoIndice nome="pi1512572" dataHora="21/08/2010 20:26:13"/>
    <ArquivoIndice nome="pi1712343" dataHora="21/08/2010 20:26:51"/>
    <ArquivoIndice nome="pi1111134" dataHora="21/08/2010 20:26:26"/>
    <ArquivoIndice nome="pi1612602" dataHora="21/08/2010 20:26:39"/>
    <ArquivoIndice nome="pi1110774" dataHora="21/08/2010 20:26:26"/>
    <ArquivoIndice nome="pi1312157" dataHora="21/08/2010 20:26:13"/>
    <ArquivoIndice nome="pi1111517" dataHora="21/08/2010 20:26:13"/>
    <ArquivoIndice nome="pi1610600" dataHora="21/08/2010 20:26:39"/>
    <ArquivoIndice nome="pi1610383" dataHora="21/08/2010 20:26:26"/>
    <ArquivoIndice nome="pi1310324" dataHora="21/08/2010 20:26:26"/>
    <ArquivoIndice nome="pi1310928" dataHora="21/08/2010 20:26:26"/>
    <ArquivoIndice nome="pi1511673" dataHora="21/08/2010 20:26:13"/>
    <ArquivoIndice nome="pi1710383" dataHora="21/08/2010 20:26:51"/>
    <ArquivoIndice nome="pi1112653" dataHora="21/08/2010 20:26:13"/>
    <ArquivoIndice nome="pi1610103" dataHora="21/08/2010 20:26:39"/>
    <ArquivoIndice nome="pi1312564" dataHora="21/08/2010 20:26:13"/>
    <ArquivoIndice nome="pi1512190" dataHora="21/08/2010 20:26:13"/>
    <ArquivoIndice nome="pi1610880" dataHora="21/08/2010 20:26:39"/>
    <ArquivoIndice nome="pi1512394" dataHora="21/08/2010 20:26:13"/>
    <ArquivoIndice nome="pi1310120" dataHora="21/08/2010 20:26:13"/>
    <ArquivoIndice nome="pi1611231" dataHora="21/08/2010 20:26:39"/>
    <ArquivoIndice nome="pi1110782" dataHora="21/08/2010 20:26:26"/>
    <ArquivoIndice nome="pi1710103" dataHora="21/08/2010 20:26:26"/>
    <ArquivoIndice nome="pi1312165" dataHora="21/08/2010 20:26:26"/>
    <ArquivoIndice nome="pi1712335" dataHora="21/08/2010 20:26:39"/>
    <ArquivoIndice nome="pi1310936" dataHora="21/08/2010 20:26:13"/>
    <ArquivoIndice nome="pi1612610" dataHora="21/08/2010 20:26:51"/>
    <ArquivoIndice nome="pi1310316" dataHora="21/08/2010 20:26:26"/>
    <ArquivoIndice nome="pi1710375" dataHora="21/08/2010 20:26:26"/>
    <ArquivoIndice nome="pi1310308" dataHora="21/08/2010 20:26:26"/>
    <ArquivoIndice nome="pi1610898" dataHora="21/08/2010 20:26:26"/>
    <ArquivoIndice nome="pi1310944" dataHora="21/08/2010 20:26:13"/>
    <ArquivoIndice nome="pi1610111" dataHora="21/08/2010 20:26:51"/>
    <ArquivoIndice nome="pi1111533" dataHora="21/08/2010 20:26:26"/>
    <ArquivoIndice nome="pi1512599" dataHora="21/08/2010 20:26:26"/>
    <ArquivoIndice nome="pi1610391" dataHora="21/08/2010 20:26:39"/>
    <ArquivoIndice nome="pi1312556" dataHora="21/08/2010 20:26:13"/>
    <ArquivoIndice nome="pi1310111" dataHora="21/08/2010 20:26:13"/>
    <ArquivoIndice nome="pi1112661" dataHora="21/08/2010 20:26:26"/>
    <ArquivoIndice nome="pi1110502" dataHora="21/08/2010 20:26:13"/>
    <ArquivoIndice nome="pi11" dataHora="21/08/2010 20:26:13"/>
    <ArquivoIndice nome="pi1111118" dataHora="21/08/2010 20:26:26"/>
    <ArquivoIndice nome="pi1310340" dataHora="21/08/2010 20:26:26"/>
    <ArquivoIndice nome="pi13" dataHora="21/08/2010 20:26:13"/>
    <ArquivoIndice nome="pi15" dataHora="21/08/2010 20:26:13"/>
    <ArquivoIndice nome="pi16" dataHora="21/08/2010 20:26:26"/>
    <ArquivoIndice nome="pi1312130" dataHora="21/08/2010 20:26:13"/>
    <ArquivoIndice nome="pi17" dataHora="21/08/2010 20:26:26"/>
    <ArquivoIndice nome="pi1610367" dataHora="21/08/2010 20:26:39"/>
    <ArquivoIndice nome="pi1110790" dataHora="21/08/2010 20:26:13"/>
    <ArquivoIndice nome="pi1610626" dataHora="21/08/2010 20:26:39"/>
    <ArquivoIndice nome="pi1310901" dataHora="21/08/2010 20:26:26"/>
    <ArquivoIndice nome="pi1710367" dataHora="21/08/2010 20:26:51"/>
    <ArquivoIndice nome="pi1112629" dataHora="21/08/2010 20:26:13"/>
    <ArquivoIndice nome="pi1611495" dataHora="21/08/2010 20:26:39"/>
    <ArquivoIndice nome="pi1511690" dataHora="21/08/2010 20:26:26"/>
    <ArquivoIndice nome="pi1511410" dataHora="21/08/2010 20:26:13"/>
    <ArquivoIndice nome="pi1310910" dataHora="21/08/2010 20:26:13"/>
    <ArquivoIndice nome="pi1310146" dataHora="21/08/2010 20:26:26"/>
    <ArquivoIndice nome="pi1610618" dataHora="21/08/2010 20:26:26"/>
    <ArquivoIndice nome="pi1312548" dataHora="21/08/2010 20:26:13"/>
    <ArquivoIndice nome="pi1712360" dataHora="21/08/2010 20:26:39"/>
    <ArquivoIndice nome="pi1110510" dataHora="21/08/2010 20:26:13"/>
    <ArquivoIndice nome="pi1710359" dataHora="21/08/2010 20:26:51"/>
    <ArquivoIndice nome="pi1610375" dataHora="21/08/2010 20:26:26"/>
    <ArquivoIndice nome="pi1312149" dataHora="21/08/2010 20:26:13"/>
    <ArquivoIndice nome="pi1611215" dataHora="21/08/2010 20:26:51"/>
    <ArquivoIndice nome="pi1310332" dataHora="21/08/2010 20:26:26"/>
    <ArquivoIndice nome="pi1610634" dataHora="21/08/2010 20:26:39"/>
    <ArquivoIndice nome="pi1112637" dataHora="21/08/2010 20:26:26"/>
    <ArquivoIndice nome="pi1312530" dataHora="21/08/2010 20:26:13"/>
    <ArquivoIndice nome="pi1310138" dataHora="21/08/2010 20:26:13"/>
    <ArquivoIndice nome="pi1712351" dataHora="21/08/2010 20:26:51"/>
    <ArquivoIndice nome="pi1112190" dataHora="21/08/2010 20:26:13"/>
    <ArquivoIndice nome="pi1111754" dataHora="21/08/2010 20:26:13"/>
    <ArquivoIndice nome="pi1612203" dataHora="21/08/2010 20:26:39"/>
    <ArquivoIndice nome="pi1612335" dataHora="21/08/2010 20:26:26"/>
    <ArquivoIndice nome="pi1712599" dataHora="21/08/2010 20:26:51"/>
    <ArquivoIndice nome="pi1612530" dataHora="21/08/2010 20:26:39"/>
    <ArquivoIndice nome="pi1511193" dataHora="21/08/2010 20:26:26"/>
    <ArquivoIndice nome="pi1712378" dataHora="21/08/2010 20:26:39"/>
    <ArquivoIndice nome="pi1712173" dataHora="21/08/2010 20:26:39"/>
    <ArquivoIndice nome="pi1312084" dataHora="21/08/2010 20:26:26"/>
    <ArquivoIndice nome="pi1612327" dataHora="21/08/2010 20:26:51"/>
    <ArquivoIndice nome="pi1512602" dataHora="21/08/2010 20:26:26"/>
    <ArquivoIndice nome="pi1511398" dataHora="21/08/2010 20:26:13"/>
    <ArquivoIndice nome="pi1612211" dataHora="21/08/2010 20:26:26"/>
    <ArquivoIndice nome="pi1510618" dataHora="21/08/2010 20:26:13"/>
    <ArquivoIndice nome="pi1311312" dataHora="21/08/2010 20:26:26"/>
    <ArquivoIndice nome="pi1510626" dataHora="21/08/2010 20:26:13"/>
    <ArquivoIndice nome="pi1511754" dataHora="21/08/2010 20:26:13"/>
    <ArquivoIndice nome="pi1511592" dataHora="21/08/2010 20:26:26"/>
    <ArquivoIndice nome="pi11v0001" dataHora="21/08/2010 17:01:40"/>
    <ArquivoIndice nome="pi1612521" dataHora="21/08/2010 20:26:39"/>
    <ArquivoIndice nome="pi1712181" dataHora="21/08/2010 20:26:51"/>
    <ArquivoIndice nome="pi1312076" dataHora="21/08/2010 20:26:26"/>
    <ArquivoIndice nome="pi1311592" dataHora="21/08/2010 20:26:26"/>
    <ArquivoIndice nome="pi1510898" dataHora="21/08/2010 20:26:26"/>
    <ArquivoIndice nome="pi1111177" dataHora="21/08/2010 20:26:13"/>
    <ArquivoIndice nome="pi1111738" dataHora="21/08/2010 20:26:26"/>
    <ArquivoIndice nome="pi1712386" dataHora="21/08/2010 20:26:39"/>
    <ArquivoIndice nome="pi1612319" dataHora="21/08/2010 20:26:26"/>
    <ArquivoIndice nome="pi1110600" dataHora="21/08/2010 20:26:13"/>
    <ArquivoIndice nome="pi1712394" dataHora="21/08/2010 20:26:51"/>
    <ArquivoIndice nome="pi11v0007" dataHora="21/08/2010 20:25:35"/>
    <ArquivoIndice nome="pi1111770" dataHora="21/08/2010 20:26:26"/>
    <ArquivoIndice nome="pi1512610" dataHora="21/08/2010 20:26:26"/>
    <ArquivoIndice nome="pi1712572" dataHora="21/08/2010 20:26:39"/>
    <ArquivoIndice nome="pi11v0011" dataHora="21/08/2010 20:25:48"/>
    <ArquivoIndice nome="pi1510634" dataHora="21/08/2010 20:26:26"/>
    <ArquivoIndice nome="pi1712190" dataHora="21/08/2010 20:26:26"/>
    <ArquivoIndice nome="pi1312696" dataHora="21/08/2010 20:26:26"/>
    <ArquivoIndice nome="pi1612513" dataHora="21/08/2010 20:26:51"/>
    <ArquivoIndice nome="pi1111975" dataHora="21/08/2010 20:26:13"/>
    <ArquivoIndice nome="pi1312068" dataHora="21/08/2010 20:26:13"/>
    <ArquivoIndice nome="pi1111959" dataHora="21/08/2010 20:26:13"/>
    <ArquivoIndice nome="pi1312050" dataHora="21/08/2010 20:26:26"/>
    <ArquivoIndice nome="pi1512629" dataHora="21/08/2010 20:26:13"/>
    <ArquivoIndice nome="pi1612300" dataHora="21/08/2010 20:26:51"/>
    <ArquivoIndice nome="pi11v0014" dataHora="21/08/2010 20:26:13"/>
    <ArquivoIndice nome="pi11v0016" dataHora="21/08/2010 20:26:26"/>
    <ArquivoIndice nome="pi1712580" dataHora="21/08/2010 20:26:26"/>
    <ArquivoIndice nome="pi1510642" dataHora="21/08/2010 20:26:26"/>
    <ArquivoIndice nome="pi1111150" dataHora="21/08/2010 20:26:26"/>
    <ArquivoIndice nome="pi1311576" dataHora="21/08/2010 20:26:26"/>
    <ArquivoIndice nome="pi13v0001" dataHora="21/08/2010 17:00:51"/>
    <ArquivoIndice nome="pi1511770" dataHora="21/08/2010 20:26:13"/>
    <ArquivoIndice nome="pi1612505" dataHora="21/08/2010 20:26:26"/>
    <ArquivoIndice nome="pi1110324" dataHora="21/08/2010 20:26:13"/>
    <ArquivoIndice nome="pi1510090" dataHora="21/08/2010 20:26:13"/>
    <ArquivoIndice nome="pi13v0007" dataHora="21/08/2010 20:25:35"/>
    <ArquivoIndice nome="pi1111711" dataHora="21/08/2010 20:26:13"/>
    <ArquivoIndice nome="pi1710901" dataHora="21/08/2010 20:26:39"/>
    <ArquivoIndice nome="pi1512637" dataHora="21/08/2010 20:26:13"/>
    <ArquivoIndice nome="pi1110812" dataHora="21/08/2010 20:26:26"/>
    <ArquivoIndice nome="pi1110820" dataHora="21/08/2010 20:26:13"/>
    <ArquivoIndice nome="pi1712130" dataHora="21/08/2010 20:26:26"/>
    <ArquivoIndice nome="pi1111991" dataHora="21/08/2010 20:26:13"/>
    <ArquivoIndice nome="pi1610570" dataHora="21/08/2010 20:26:39"/>
    <ArquivoIndice nome="pi1612572" dataHora="21/08/2010 20:26:39"/>
    <ArquivoIndice nome="pi13v0014" dataHora="21/08/2010 20:26:13"/>
    <ArquivoIndice nome="pi1610430" dataHora="21/08/2010 20:26:39"/>
    <ArquivoIndice nome="pi1712556" dataHora="21/08/2010 20:26:39"/>
    <ArquivoIndice nome="pi1110316" dataHora="21/08/2010 20:26:26"/>
    <ArquivoIndice nome="pi13v0011" dataHora="21/08/2010 20:25:48"/>
    <ArquivoIndice nome="pi1511355" dataHora="21/08/2010 20:26:26"/>
    <ArquivoIndice nome="pi1311355" dataHora="21/08/2010 20:26:13"/>
    <ArquivoIndice nome="pi13v0016" dataHora="21/08/2010 20:26:26"/>
    <ArquivoIndice nome="pi1110804" dataHora="21/08/2010 20:26:26"/>
    <ArquivoIndice nome="pi1712149" dataHora="21/08/2010 20:26:39"/>
    <ArquivoIndice nome="pi1511991" dataHora="21/08/2010 20:26:26"/>
    <ArquivoIndice nome="pi1311550" dataHora="21/08/2010 20:26:13"/>
    <ArquivoIndice nome="pi1711436" dataHora="21/08/2010 20:26:51"/>
    <ArquivoIndice nome="pi1610561" dataHora="21/08/2010 20:26:39"/>
    <ArquivoIndice nome="pi1610421" dataHora="21/08/2010 20:26:39"/>
    <ArquivoIndice nome="pi1511797" dataHora="21/08/2010 20:26:13"/>
    <ArquivoIndice nome="pi1712564" dataHora="21/08/2010 20:26:39"/>
    <ArquivoIndice nome="pi1110308" dataHora="21/08/2010 20:26:13"/>
    <ArquivoIndice nome="pi1612564" dataHora="21/08/2010 20:26:39"/>
    <ArquivoIndice nome="pi1311517" dataHora="21/08/2010 20:26:26"/>
    <ArquivoIndice nome="pi1512653" dataHora="21/08/2010 20:26:26"/>
    <ArquivoIndice nome="pi1712157" dataHora="21/08/2010 20:26:39"/>
    <ArquivoIndice nome="pi1110839" dataHora="21/08/2010 20:26:13"/>
    <ArquivoIndice nome="pi1711690" dataHora="21/08/2010 20:26:26"/>
    <ArquivoIndice nome="pi1610413" dataHora="21/08/2010 20:26:26"/>
    <ArquivoIndice nome="pi1610596" dataHora="21/08/2010 20:26:26"/>
    <ArquivoIndice nome="pi1612556" dataHora="21/08/2010 20:26:39"/>
    <ArquivoIndice nome="pi1712530" dataHora="21/08/2010 20:26:26"/>
    <ArquivoIndice nome="pi1511371" dataHora="21/08/2010 20:26:26"/>
    <ArquivoIndice nome="pi1512661" dataHora="21/08/2010 20:26:13"/>
    <ArquivoIndice nome="pi1311339" dataHora="21/08/2010 20:26:13"/>
    <ArquivoIndice nome="pi1510405" dataHora="21/08/2010 20:26:13"/>
    <ArquivoIndice nome="pi1712165" dataHora="21/08/2010 20:26:39"/>
    <ArquivoIndice nome="pi1312092" dataHora="21/08/2010 20:26:13"/>
    <ArquivoIndice nome="pi1311118" dataHora="21/08/2010 20:26:26"/>
    <ArquivoIndice nome="pi1712548" dataHora="21/08/2010 20:26:26"/>
    <ArquivoIndice nome="pi1610405" dataHora="21/08/2010 20:26:39"/>
    <ArquivoIndice nome="pi1612548" dataHora="21/08/2010 20:26:51"/>
    <ArquivoIndice nome="pi1610588" dataHora="21/08/2010 20:26:39"/>
    <ArquivoIndice nome="pi1311533" dataHora="21/08/2010 20:26:13"/>
    <ArquivoIndice nome="pi1510600" dataHora="21/08/2010 20:26:26"/>
    <ArquivoIndice nome="pi1111193" dataHora="21/08/2010 20:26:26"/>
    <ArquivoIndice nome="pi1711410" dataHora="21/08/2010 20:26:39"/>
    <ArquivoIndice nome="pi1112297" dataHora="21/08/2010 20:26:26"/>
    <ArquivoIndice nome="pi1510057" dataHora="21/08/2010 20:26:13"/>
    <ArquivoIndice nome="pi1712513" dataHora="21/08/2010 20:26:26"/>
    <ArquivoIndice nome="pi1312637" dataHora="21/08/2010 20:26:26"/>
    <ArquivoIndice nome="pi1110162" dataHora="21/08/2010 20:26:26"/>
    <ArquivoIndice nome="pi1510693" dataHora="21/08/2010 20:26:13"/>
    <ArquivoIndice nome="pi1612009" dataHora="21/08/2010 20:26:26"/>
    <ArquivoIndice nome="pi1311797" dataHora="21/08/2010 20:26:26"/>
    <ArquivoIndice nome="pi1510820" dataHora="21/08/2010 20:26:13"/>
    <ArquivoIndice nome="pi1711673" dataHora="21/08/2010 20:26:51"/>
    <ArquivoIndice nome="pi1310758" dataHora="21/08/2010 20:26:13"/>
    <ArquivoIndice nome="pi1712718" dataHora="21/08/2010 20:26:39"/>
    <ArquivoIndice nome="pi1310766" dataHora="21/08/2010 20:26:13"/>
    <ArquivoIndice nome="pi1710944" dataHora="21/08/2010 20:26:51"/>
    <ArquivoIndice nome="pi1110367" dataHora="21/08/2010 20:26:13"/>
    <ArquivoIndice nome="pi1512408" dataHora="21/08/2010 20:26:26"/>
    <ArquivoIndice nome="pi1612289" dataHora="21/08/2010 20:26:51"/>
    <ArquivoIndice nome="pi1510251" dataHora="21/08/2010 20:26:13"/>
    <ArquivoIndice nome="pi1112491" dataHora="21/08/2010 20:26:26"/>
    <ArquivoIndice nome="pi1312629" dataHora="21/08/2010 20:26:13"/>
    <ArquivoIndice nome="pi1510413" dataHora="21/08/2010 20:26:13"/>
    <ArquivoIndice nome="pi1511118" dataHora="21/08/2010 20:26:26"/>
    <ArquivoIndice nome="pi1711878" dataHora="21/08/2010 20:26:26"/>
    <ArquivoIndice nome="pi1112106" dataHora="21/08/2010 20:26:26"/>
    <ArquivoIndice nome="pi1711479" dataHora="21/08/2010 20:26:39"/>
    <ArquivoIndice nome="pi1712521" dataHora="21/08/2010 20:26:51"/>
    <ArquivoIndice nome="pi1612017" dataHora="21/08/2010 20:26:51"/>
    <ArquivoIndice nome="pi1510065" dataHora="21/08/2010 20:26:13"/>
    <ArquivoIndice nome="pi1110154" dataHora="21/08/2010 20:26:13"/>
    <ArquivoIndice nome="pi1611517" dataHora="21/08/2010 20:26:51"/>
    <ArquivoIndice nome="pi1711053" dataHora="21/08/2010 20:26:39"/>
    <ArquivoIndice nome="pi1510812" dataHora="21/08/2010 20:26:13"/>
    <ArquivoIndice nome="pi1710928" dataHora="21/08/2010 20:26:26"/>
    <ArquivoIndice nome="pi1710936" dataHora="21/08/2010 20:26:39"/>
    <ArquivoIndice nome="pi1510421" dataHora="21/08/2010 20:26:13"/>
    <ArquivoIndice nome="pi1311398" dataHora="21/08/2010 20:26:13"/>
    <ArquivoIndice nome="pi1510804" dataHora="21/08/2010 20:26:26"/>
    <ArquivoIndice nome="pi1611711" dataHora="21/08/2010 20:26:39"/>
    <ArquivoIndice nome="pi1712726" dataHora="21/08/2010 20:26:39"/>
    <ArquivoIndice nome="pi1110359" dataHora="21/08/2010 20:26:26"/>
    <ArquivoIndice nome="pi1311134" dataHora="21/08/2010 20:26:13"/>
    <ArquivoIndice nome="pi1510260" dataHora="21/08/2010 20:26:13"/>
    <ArquivoIndice nome="pi1612297" dataHora="21/08/2010 20:26:51"/>
    <ArquivoIndice nome="pi1711274" dataHora="21/08/2010 20:26:26"/>
    <ArquivoIndice nome="pi1612599" dataHora="21/08/2010 20:26:51"/>
    <ArquivoIndice nome="pi1711657" dataHora="21/08/2010 20:26:39"/>
    <ArquivoIndice nome="pi1312610" dataHora="21/08/2010 20:26:26"/>
    <ArquivoIndice nome="pi1511959" dataHora="21/08/2010 20:26:26"/>
    <ArquivoIndice nome="pi1612394" dataHora="21/08/2010 20:26:39"/>
    <ArquivoIndice nome="pi1112270" dataHora="21/08/2010 20:26:26"/>
    <ArquivoIndice nome="pi1510073" dataHora="21/08/2010 20:26:26"/>
    <ArquivoIndice nome="pi1110146" dataHora="21/08/2010 20:26:26"/>
    <ArquivoIndice nome="pi1612262" dataHora="21/08/2010 20:26:26"/>
    <ArquivoIndice nome="pi1311770" dataHora="21/08/2010 20:26:26"/>
    <ArquivoIndice nome="pi1510847" dataHora="21/08/2010 20:26:13"/>
    <ArquivoIndice nome="pi1310502" dataHora="21/08/2010 20:26:26"/>
    <ArquivoIndice nome="pi1510839" dataHora="21/08/2010 20:26:13"/>
    <ArquivoIndice nome="pi1112475" dataHora="21/08/2010 20:26:13"/>
    <ArquivoIndice nome="pi1511134" dataHora="21/08/2010 20:26:26"/>
    <ArquivoIndice nome="pi1711851" dataHora="21/08/2010 20:26:39"/>
    <ArquivoIndice nome="pi1510430" dataHora="21/08/2010 20:26:26"/>
    <ArquivoIndice nome="pi1110340" dataHora="21/08/2010 20:26:26"/>
    <ArquivoIndice nome="pi1512424" dataHora="21/08/2010 20:26:26"/>
    <ArquivoIndice nome="pi1310782" dataHora="21/08/2010 20:26:26"/>
    <ArquivoIndice nome="pi1510278" dataHora="21/08/2010 20:26:13"/>
    <ArquivoIndice nome="pi1711452" dataHora="21/08/2010 20:26:26"/>
    <ArquivoIndice nome="pi1110138" dataHora="21/08/2010 20:26:13"/>
    <ArquivoIndice nome="pi1612270" dataHora="21/08/2010 20:26:26"/>
    <ArquivoIndice nome="pi1112289" dataHora="21/08/2010 20:26:26"/>
    <ArquivoIndice nome="pi1711070" dataHora="21/08/2010 20:26:39"/>
    <ArquivoIndice nome="pi1712505" dataHora="21/08/2010 20:26:39"/>
    <ArquivoIndice nome="pi1710197" dataHora="21/08/2010 20:26:39"/>
    <ArquivoIndice nome="pi1710910" dataHora="21/08/2010 20:26:39"/>
    <ArquivoIndice nome="pi1310774" dataHora="21/08/2010 20:26:26"/>
    <ArquivoIndice nome="pi1311371" dataHora="21/08/2010 20:26:26"/>
    <ArquivoIndice nome="pi1311150" dataHora="21/08/2010 20:26:13"/>
    <ArquivoIndice nome="pi1511975" dataHora="21/08/2010 20:26:13"/>
    <ArquivoIndice nome="pi1512416" dataHora="21/08/2010 20:26:13"/>
    <ArquivoIndice nome="pi1110332" dataHora="21/08/2010 20:26:26"/>
    <ArquivoIndice nome="pi1612580" dataHora="21/08/2010 20:26:26"/>
    <ArquivoIndice nome="pi1510286" dataHora="21/08/2010 20:26:26"/>
    <ArquivoIndice nome="pi1711258" dataHora="21/08/2010 20:26:39"/>
    <ArquivoIndice nome="pi1112483" dataHora="21/08/2010 20:26:26"/>
    <ArquivoIndice nome="pi1510448" dataHora="21/08/2010 20:26:13"/>
    <ArquivoIndice nome="pi1510081" dataHora="21/08/2010 20:26:26"/>
    <ArquivoIndice nome="pi1712700" dataHora="21/08/2010 20:26:39"/>
    <ArquivoIndice nome="pi1612386" dataHora="21/08/2010 20:26:39"/>
    <ArquivoIndice nome="pi1711630" dataHora="21/08/2010 20:26:51"/>
    <ArquivoIndice nome="pi1511150" dataHora="21/08/2010 20:26:13"/>
    <ArquivoIndice nome="pi1510650" dataHora="21/08/2010 20:26:26"/>
    <ArquivoIndice nome="pi1110120" dataHora="21/08/2010 20:26:13"/>
    <ArquivoIndice nome="pi1510863" dataHora="21/08/2010 20:26:26"/>
    <ArquivoIndice nome="pi1310715" dataHora="21/08/2010 20:26:26"/>
    <ArquivoIndice nome="pi1312670" dataHora="21/08/2010 20:26:13"/>
    <ArquivoIndice nome="pi1112254" dataHora="21/08/2010 20:26:26"/>
    <ArquivoIndice nome="pi1510014" dataHora="21/08/2010 20:26:13"/>
    <ArquivoIndice nome="pi1612041" dataHora="21/08/2010 20:26:26"/>
    <ArquivoIndice nome="pi1612246" dataHora="21/08/2010 20:26:39"/>
    <ArquivoIndice nome="pi1510294" dataHora="21/08/2010 20:26:13"/>
    <ArquivoIndice nome="pi1612378" dataHora="21/08/2010 20:26:51"/>
    <ArquivoIndice nome="pi1510456" dataHora="21/08/2010 20:26:26"/>
    <ArquivoIndice nome="pi1310723" dataHora="21/08/2010 20:26:26"/>
    <ArquivoIndice nome="pi1111797" dataHora="21/08/2010 20:26:26"/>
    <ArquivoIndice nome="pi1711088" dataHora="21/08/2010 20:26:51"/>
    <ArquivoIndice nome="pi1710987" dataHora="21/08/2010 20:26:39"/>
    <ArquivoIndice nome="pi1710618" dataHora="21/08/2010 20:26:39"/>
    <ArquivoIndice nome="pi1310707" dataHora="21/08/2010 20:26:26"/>
    <ArquivoIndice nome="pi1711096" dataHora="21/08/2010 20:26:39"/>
    <ArquivoIndice nome="pi1510855" dataHora="21/08/2010 20:26:13"/>
    <ArquivoIndice nome="pi1310510" dataHora="21/08/2010 20:26:26"/>
    <ArquivoIndice nome="pi1510022" dataHora="21/08/2010 20:26:13"/>
    <ArquivoIndice nome="pi1510669" dataHora="21/08/2010 20:26:13"/>
    <ArquivoIndice nome="pi1112262" dataHora="21/08/2010 20:26:13"/>
    <ArquivoIndice nome="pi1511711" dataHora="21/08/2010 20:26:13"/>
    <ArquivoIndice nome="pi1312688" dataHora="21/08/2010 20:26:13"/>
    <ArquivoIndice nome="pi1110111" dataHora="21/08/2010 20:26:26"/>
    <ArquivoIndice nome="pi1612360" dataHora="21/08/2010 20:26:51"/>
    <ArquivoIndice nome="pi1612050" dataHora="21/08/2010 20:26:26"/>
    <ArquivoIndice nome="pi1311177" dataHora="21/08/2010 20:26:13"/>
    <ArquivoIndice nome="pi1711231" dataHora="21/08/2010 20:26:39"/>
    <ArquivoIndice nome="pi1612254" dataHora="21/08/2010 20:26:39"/>
    <ArquivoIndice nome="pi1611894" dataHora="21/08/2010 20:26:26"/>
    <ArquivoIndice nome="pi1510464" dataHora="21/08/2010 20:26:13"/>
    <ArquivoIndice nome="pi1710979" dataHora="21/08/2010 20:26:51"/>
    <ArquivoIndice nome="pi1110391" dataHora="21/08/2010 20:26:26"/>
    <ArquivoIndice nome="pi1611754" dataHora="21/08/2010 20:26:26"/>
    <ArquivoIndice nome="pi1710626" dataHora="21/08/2010 20:26:39"/>
    <ArquivoIndice nome="pi1611096" dataHora="21/08/2010 20:26:51"/>
    <ArquivoIndice nome="pi1112238" dataHora="21/08/2010 20:26:13"/>
    <ArquivoIndice nome="pi1310545" dataHora="21/08/2010 20:26:13"/>
    <ArquivoIndice nome="pi1312653" dataHora="21/08/2010 20:26:26"/>
    <ArquivoIndice nome="pi1510677" dataHora="21/08/2010 20:26:13"/>
    <ArquivoIndice nome="pi1511916" dataHora="21/08/2010 20:26:26"/>
    <ArquivoIndice nome="pi1111398" dataHora="21/08/2010 20:26:13"/>
    <ArquivoIndice nome="pi1711614" dataHora="21/08/2010 20:26:51"/>
    <ArquivoIndice nome="pi1510030" dataHora="21/08/2010 20:26:26"/>
    <ArquivoIndice nome="pi1110103" dataHora="21/08/2010 20:26:26"/>
    <ArquivoIndice nome="pi1312297" dataHora="21/08/2010 20:26:13"/>
    <ArquivoIndice nome="pi1510880" dataHora="21/08/2010 20:26:26"/>
    <ArquivoIndice nome="pi1612025" dataHora="21/08/2010 20:26:51"/>
    <ArquivoIndice nome="pi1612220" dataHora="21/08/2010 20:26:39"/>
    <ArquivoIndice nome="pi1710960" dataHora="21/08/2010 20:26:39"/>
    <ArquivoIndice nome="pi1612351" dataHora="21/08/2010 20:26:39"/>
    <ArquivoIndice nome="pi1510472" dataHora="21/08/2010 20:26:26"/>
    <ArquivoIndice nome="pi1712734" dataHora="21/08/2010 20:26:26"/>
    <ArquivoIndice nome="pi1310740" dataHora="21/08/2010 20:26:26"/>
    <ArquivoIndice nome="pi1511177" dataHora="21/08/2010 20:26:13"/>
    <ArquivoIndice nome="pi1711894" dataHora="21/08/2010 20:26:51"/>
    <ArquivoIndice nome="pi1110383" dataHora="21/08/2010 20:26:26"/>
    <ArquivoIndice nome="pi1510049" dataHora="21/08/2010 20:26:26"/>
    <ArquivoIndice nome="pi1112246" dataHora="21/08/2010 20:26:26"/>
    <ArquivoIndice nome="pi1510685" dataHora="21/08/2010 20:26:26"/>
    <ArquivoIndice nome="pi1310537" dataHora="21/08/2010 20:26:26"/>
    <ArquivoIndice nome="pi1312661" dataHora="21/08/2010 20:26:13"/>
    <ArquivoIndice nome="pi1612033" dataHora="21/08/2010 20:26:26"/>
    <ArquivoIndice nome="pi1711495" dataHora="21/08/2010 20:26:39"/>
    <ArquivoIndice nome="pi1511738" dataHora="21/08/2010 20:26:26"/>
    <ArquivoIndice nome="pi1510871" dataHora="21/08/2010 20:26:13"/>
    <ArquivoIndice nome="pi1311193" dataHora="21/08/2010 20:26:26"/>
    <ArquivoIndice nome="pi1511932" dataHora="21/08/2010 20:26:13"/>
    <ArquivoIndice nome="pi1110375" dataHora="21/08/2010 20:26:26"/>
    <ArquivoIndice nome="pi1711215" dataHora="21/08/2010 20:26:39"/>
    <ArquivoIndice nome="pi1612343" dataHora="21/08/2010 20:26:26"/>
    <ArquivoIndice nome="pi1612238" dataHora="21/08/2010 20:26:51"/>
    <ArquivoIndice nome="pi1510480" dataHora="21/08/2010 20:26:13"/>
    <ArquivoIndice nome="pi1710952" dataHora="21/08/2010 20:26:39"/>
    <ArquivoIndice nome="pi1310731" dataHora="21/08/2010 20:26:13"/>
    <ArquivoIndice nome="pi1310529" dataHora="21/08/2010 20:26:13"/>
    <ArquivoIndice nome="pi1710600" dataHora="21/08/2010 20:26:51"/>
    <ArquivoIndice nome="pi1611738" dataHora="21/08/2010 20:26:39"/>
  </IndiceZipinhos>
