<?xml version="1.0" encoding="ISO-8859-1"?>
<Resultado
turno="1"
fase="S"
cargo="Deputado Federal"
matematicamenteDefinido="N"
suplementar="N"
dataGeracao="21/08/2010"
horaGeracao="20:26:18"
divulgaVotacao="S"
nomeArquivoDadosFixos="pi16v0016">
<Abrangencia
dataTotalizacao="21/08/2010"
horaTotalizacao="20:24:31"
tipoAbrangencia="UF"
codigoAbrangencia="PI"
secoesTotalizadas="7428"
secoesEmRecurso="0"
secoesNaoTotalizadas="0"
eleitoradoApurado="2263583"
eleitoradoNaoApurado="0"
abstencao="228939"
comparecimento="2034644"
votosTotalizados="2008093"
votosEmBranco="9379"
votosNulos="194163"
votosPendentes="0"
votosValidos="1804551"
votosNominais="1717365"
votosLegenda="87186"
municipiosParcialmenteApurados="0"
municipiosNaoRecebidos="0"
municipiosFinalizados="224"
municipiosRecebidos="224">
<VotoColigacao
numeroColigacao="180000003061"
totalVotosNominais="0"
vagas="0"
totalVotosLegenda="0"/>
<VotoPartido
numeroPartido="74"
totalVotosNominais="0"
totalVotosLegenda="0" />
<VotoPartido
numeroPartido="75"
totalVotosNominais="0"
totalVotosLegenda="0" />
<VotoPartido
numeroPartido="76"
totalVotosNominais="0"
totalVotosLegenda="0" />
<VotoColigacao
numeroColigacao="180000003062"
totalVotosNominais="323855"
vagas="1"
totalVotosLegenda="3562405"/>
<VotoPartido
numeroPartido="77"
totalVotosNominais="0"
totalVotosLegenda="0" />
<VotoPartido
numeroPartido="78"
totalVotosNominais="323855"
totalVotosLegenda="0" />
<VotoCandidato
numeroCandidato="7890"
totalVotos="8930">
</VotoCandidato>
<VotoCandidato
numeroCandidato="7816"
totalVotos="8663">
</VotoCandidato>
<VotoCandidato
numeroCandidato="7830"
totalVotos="8983">
</VotoCandidato>
<VotoCandidato
numeroCandidato="7850"
totalVotos="8908">
</VotoCandidato>
<VotoCandidato
numeroCandidato="7873"
totalVotos="9046">
</VotoCandidato>
<VotoCandidato
numeroCandidato="7824"
totalVotos="8994">
</VotoCandidato>
<VotoCandidato
numeroCandidato="7858"
totalVotos="8784">
</VotoCandidato>
<VotoCandidato
numeroCandidato="7877"
totalVotos="8908">
</VotoCandidato>
<VotoCandidato
numeroCandidato="7856"
totalVotos="8945">
</VotoCandidato>
<VotoCandidato
numeroCandidato="7891"
totalVotos="9033">
</VotoCandidato>
<VotoCandidato
numeroCandidato="7854"
totalVotos="8886">
</VotoCandidato>
<VotoCandidato
numeroCandidato="7809"
totalVotos="8851">
</VotoCandidato>
<VotoCandidato
numeroCandidato="7866"
totalVotos="8789">
</VotoCandidato>
<VotoCandidato
numeroCandidato="7849"
totalVotos="8776">
</VotoCandidato>
<VotoCandidato
numeroCandidato="7894"
totalVotos="9046">
</VotoCandidato>
<VotoCandidato
numeroCandidato="7887"
totalVotos="8907">
</VotoCandidato>
<VotoCandidato
numeroCandidato="7870"
totalVotos="8866">
</VotoCandidato>
<VotoColigacao
numeroColigacao="180000003056"
totalVotosNominais="448410"
vagas="2"
totalVotosLegenda="4932510"/>
<VotoPartido
numeroPartido="71"
totalVotosNominais="448410"
totalVotosLegenda="0" />
<VotoCandidato
numeroCandidato="7169"
totalVotos="9265">
</VotoCandidato>
<VotoCandidato
numeroCandidato="7116"
totalVotos="9476">
</VotoCandidato>
<VotoCandidato
numeroCandidato="7196"
totalVotos="9191">
</VotoCandidato>
<VotoCandidato
numeroCandidato="7187"
totalVotos="9043">
</VotoCandidato>
<VotoCandidato
numeroCandidato="7104"
totalVotos="9616">
</VotoCandidato>
<VotoCandidato
numeroCandidato="7162"
totalVotos="9435">
</VotoCandidato>
<VotoCandidato
numeroCandidato="7127"
totalVotos="9246">
</VotoCandidato>
<VotoCandidato
numeroCandidato="7152"
totalVotos="9560">
</VotoCandidato>
<VotoCandidato
numeroCandidato="7114"
totalVotos="9415">
</VotoCandidato>
<VotoCandidato
numeroCandidato="7190"
totalVotos="9065">
</VotoCandidato>
<VotoCandidato
numeroCandidato="7105"
totalVotos="9461">
</VotoCandidato>
<VotoCandidato
numeroCandidato="7177"
totalVotos="9121">
</VotoCandidato>
<VotoCandidato
numeroCandidato="7170"
totalVotos="9257">
</VotoCandidato>
<VotoCandidato
numeroCandidato="7102"
totalVotos="9483">
</VotoCandidato>
<VotoCandidato
numeroCandidato="7107"
totalVotos="9464">
</VotoCandidato>
<VotoCandidato
numeroCandidato="7183"
totalVotos="9201">
</VotoCandidato>
<VotoCandidato
numeroCandidato="7171"
totalVotos="9427">
</VotoCandidato>
<VotoCandidato
numeroCandidato="7100"
totalVotos="10643">
</VotoCandidato>
<VotoCandidato
numeroCandidato="7164"
totalVotos="9256">
</VotoCandidato>
<VotoCandidato
numeroCandidato="7126"
totalVotos="9117">
</VotoCandidato>
<VotoCandidato
numeroCandidato="7137"
totalVotos="8900">
</VotoCandidato>
<VotoCandidato
numeroCandidato="7151"
totalVotos="9464">
</VotoCandidato>
<VotoCandidato
numeroCandidato="7119"
totalVotos="9227">
</VotoCandidato>
<VotoCandidato
numeroCandidato="7131"
totalVotos="9127">
</VotoCandidato>
<VotoCandidato
numeroCandidato="7138"
totalVotos="9302">
</VotoCandidato>
<VotoCandidato
numeroCandidato="7186"
totalVotos="9132">
</VotoCandidato>
<VotoCandidato
numeroCandidato="7147"
totalVotos="9294">
</VotoCandidato>
<VotoCandidato
numeroCandidato="7115"
totalVotos="9626">
</VotoCandidato>
<VotoCandidato
numeroCandidato="7120"
totalVotos="9522">
</VotoCandidato>
<VotoCandidato
numeroCandidato="7143"
totalVotos="9103">
</VotoCandidato>
<VotoCandidato
numeroCandidato="7191"
totalVotos="9044">
</VotoCandidato>
<VotoCandidato
numeroCandidato="7106"
totalVotos="9398">
</VotoCandidato>
<VotoCandidato
numeroCandidato="7168"
totalVotos="9422">
</VotoCandidato>
<VotoCandidato
numeroCandidato="7192"
totalVotos="9141">
</VotoCandidato>
<VotoColigacao
numeroColigacao="180000003057"
totalVotosNominais="146074"
vagas="1"
totalVotosLegenda="1606814"/>
<VotoPartido
numeroPartido="72"
totalVotosNominais="146074"
totalVotosLegenda="0" />
<VotoCandidato
numeroCandidato="7269"
totalVotos="9041">
</VotoCandidato>
<VotoCandidato
numeroCandidato="7237"
totalVotos="9118">
</VotoCandidato>
<VotoCandidato
numeroCandidato="7268"
totalVotos="8885">
</VotoCandidato>
<VotoCandidato
numeroCandidato="7263"
totalVotos="9069">
</VotoCandidato>
<VotoCandidato
numeroCandidato="7243"
totalVotos="9129">
</VotoCandidato>
<VotoCandidato
numeroCandidato="7216"
totalVotos="9063">
</VotoCandidato>
<VotoCandidato
numeroCandidato="7238"
totalVotos="9324">
</VotoCandidato>
<VotoCandidato
numeroCandidato="7267"
totalVotos="8935">
</VotoCandidato>
<VotoCandidato
numeroCandidato="7256"
totalVotos="8913">
</VotoCandidato>
<VotoCandidato
numeroCandidato="7239"
totalVotos="8995">
</VotoCandidato>
<VotoCandidato
numeroCandidato="7277"
totalVotos="8976">
</VotoCandidato>
<VotoCandidato
numeroCandidato="7266"
totalVotos="9010">
</VotoCandidato>
<VotoCandidato
numeroCandidato="7291"
totalVotos="9058">
</VotoCandidato>
<VotoCandidato
numeroCandidato="7210"
totalVotos="9268">
</VotoCandidato>
<VotoCandidato
numeroCandidato="7286"
totalVotos="8905">
</VotoCandidato>
<VotoCandidato
numeroCandidato="7209"
totalVotos="9313">
</VotoCandidato>
<VotoCandidato
numeroCandidato="7208"
totalVotos="9278">
</VotoCandidato>
<VotoColigacao
numeroColigacao="180000003058"
totalVotosNominais="155258"
vagas="0"
totalVotosLegenda="1707838"/>
<VotoPartido
numeroPartido="73"
totalVotosNominais="155258"
totalVotosLegenda="0" />
<VotoCandidato
numeroCandidato="7325"
totalVotos="9219">
</VotoCandidato>
<VotoCandidato
numeroCandidato="7353"
totalVotos="8664">
</VotoCandidato>
<VotoCandidato
numeroCandidato="7368"
totalVotos="8633">
</VotoCandidato>
<VotoCandidato
numeroCandidato="7370"
totalVotos="8666">
</VotoCandidato>
<VotoCandidato
numeroCandidato="7385"
totalVotos="8810">
</VotoCandidato>
<VotoCandidato
numeroCandidato="7367"
totalVotos="8613">
</VotoCandidato>
<VotoCandidato
numeroCandidato="7329"
totalVotos="8933">
</VotoCandidato>
<VotoCandidato
numeroCandidato="7361"
totalVotos="8951">
</VotoCandidato>
<VotoCandidato
numeroCandidato="7340"
totalVotos="8813">
</VotoCandidato>
<VotoCandidato
numeroCandidato="7350"
totalVotos="8759">
</VotoCandidato>
<VotoCandidato
numeroCandidato="7333"
totalVotos="8946">
</VotoCandidato>
<VotoColigacao
numeroColigacao="180000003059"
totalVotosNominais="0"
vagas="3"
totalVotosLegenda="0"/>
<VotoPartido
numeroPartido="79"
totalVotosNominais="0"
totalVotosLegenda="0" />
<VotoCandidato
numeroCandidato="7945"
totalVotos="8861">
</VotoCandidato>
<VotoCandidato
numeroCandidato="7905"
totalVotos="8763">
</VotoCandidato>
<VotoCandidato
numeroCandidato="7920"
totalVotos="9123">
</VotoCandidato>
<VotoCandidato
numeroCandidato="7917"
totalVotos="9079">
</VotoCandidato>
<VotoCandidato
numeroCandidato="7933"
totalVotos="8878">
</VotoCandidato>
<VotoCandidato
numeroCandidato="7969"
totalVotos="8451">
</VotoCandidato>
<VotoCandidato
numeroCandidato="7903"
totalVotos="8949">
</VotoCandidato>
<VotoCandidato
numeroCandidato="7981"
totalVotos="8658">
</VotoCandidato>
<VotoCandidato
numeroCandidato="7928"
totalVotos="8935">
</VotoCandidato>
<VotoCandidato
numeroCandidato="7991"
totalVotos="8579">
</VotoCandidato>
<VotoCandidato
numeroCandidato="7908"
totalVotos="9087">
</VotoCandidato>
<VotoCandidato
numeroCandidato="7904"
totalVotos="8797">
</VotoCandidato>
<VotoCandidato
numeroCandidato="7968"
totalVotos="8656">
</VotoCandidato>
<VotoCandidato
numeroCandidato="7999"
totalVotos="8781">
</VotoCandidato>
<VotoCandidato
numeroCandidato="7911"
totalVotos="8927">
</VotoCandidato>
<VotoCandidato
numeroCandidato="7965"
totalVotos="8920">
</VotoCandidato>
<VotoCandidato
numeroCandidato="7924"
totalVotos="8858">
</VotoCandidato>
<VotoCandidato
numeroCandidato="7966"
totalVotos="8776">
</VotoCandidato>
<VotoCandidato
numeroCandidato="7914"
totalVotos="9041">
</VotoCandidato>
<VotoCandidato
numeroCandidato="7931"
totalVotos="8835">
</VotoCandidato>
<VotoCandidato
numeroCandidato="7989"
totalVotos="8472">
</VotoCandidato>
<VotoCandidato
numeroCandidato="7902"
totalVotos="9070">
</VotoCandidato>
<VotoCandidato
numeroCandidato="7967"
totalVotos="8995">
</VotoCandidato>
<VotoCandidato
numeroCandidato="7910"
totalVotos="9151">
</VotoCandidato>
<VotoCandidato
numeroCandidato="7929"
totalVotos="8620">
</VotoCandidato>
<VotoCandidato
numeroCandidato="7956"
totalVotos="8795">
</VotoCandidato>
<VotoCandidato
numeroCandidato="7979"
totalVotos="8538">
</VotoCandidato>
<VotoCandidato
numeroCandidato="7982"
totalVotos="8435">
</VotoCandidato>
<VotoCandidato
numeroCandidato="7943"
totalVotos="8982">
</VotoCandidato>
<VotoCandidato
numeroCandidato="7921"
totalVotos="9024">
</VotoCandidato>
<VotoCandidato
numeroCandidato="7974"
totalVotos="8557">
</VotoCandidato>
<VotoCandidato
numeroCandidato="7988"
totalVotos="8463">
</VotoCandidato>
<VotoCandidato
numeroCandidato="7913"
totalVotos="9171">
</VotoCandidato>
<VotoCandidato
numeroCandidato="7990"
totalVotos="8627">
</VotoCandidato>
<VotoCandidato
numeroCandidato="7901"
totalVotos="9195">
</VotoCandidato>
<VotoCandidato
numeroCandidato="7947"
totalVotos="8935">
</VotoCandidato>
<VotoCandidato
numeroCandidato="7954"
totalVotos="8861">
</VotoCandidato>
<VotoCandidato
numeroCandidato="7923"
totalVotos="8920">
</VotoCandidato>
<VotoCandidato
numeroCandidato="7955"
totalVotos="8779">
</VotoCandidato>
<VotoCandidato
numeroCandidato="7938"
totalVotos="8820">
</VotoCandidato>
<VotoCandidato
numeroCandidato="7978"
totalVotos="8583">
</VotoCandidato>
<VotoColigacao
numeroColigacao="180000003060"
totalVotosNominais="396251"
vagas="3"
totalVotosLegenda="4358761"/>
<VotoPartido
numeroPartido="85"
totalVotosNominais="396251"
totalVotosLegenda="0" />
<VotoCandidato
numeroCandidato="8578"
totalVotos="8440">
</VotoCandidato>
<VotoCandidato
numeroCandidato="8501"
totalVotos="8972">
</VotoCandidato>
<VotoCandidato
numeroCandidato="8507"
totalVotos="8443">
</VotoCandidato>
<VotoCandidato
numeroCandidato="8555"
totalVotos="8446">
</VotoCandidato>
<VotoCandidato
numeroCandidato="8503"
totalVotos="8368">
</VotoCandidato>
<VotoCandidato
numeroCandidato="8560"
totalVotos="8689">
</VotoCandidato>
<VotoCandidato
numeroCandidato="8576"
totalVotos="8864">
</VotoCandidato>
<VotoCandidato
numeroCandidato="8594"
totalVotos="8544">
</VotoCandidato>
<VotoCandidato
numeroCandidato="8506"
totalVotos="8807">
</VotoCandidato>
<VotoCandidato
numeroCandidato="8570"
totalVotos="8577">
</VotoCandidato>
<VotoCandidato
numeroCandidato="8518"
totalVotos="8594">
</VotoCandidato>
<VotoCandidato
numeroCandidato="8523"
totalVotos="8417">
</VotoCandidato>
<VotoCandidato
numeroCandidato="8590"
totalVotos="8678">
</VotoCandidato>
<VotoCandidato
numeroCandidato="8582"
totalVotos="8650">
</VotoCandidato>
<VotoCandidato
numeroCandidato="8592"
totalVotos="8617">
</VotoCandidato>
<VotoCandidato
numeroCandidato="8556"
totalVotos="8424">
</VotoCandidato>
<VotoCandidato
numeroCandidato="8535"
totalVotos="8532">
</VotoCandidato>
<VotoCandidato
numeroCandidato="8562"
totalVotos="8648">
</VotoCandidato>
<VotoCandidato
numeroCandidato="8545"
totalVotos="8383">
</VotoCandidato>
<VotoCandidato
numeroCandidato="8520"
totalVotos="8359">
</VotoCandidato>
<VotoCandidato
numeroCandidato="8527"
totalVotos="8698">
</VotoCandidato>
<VotoCandidato
numeroCandidato="8511"
totalVotos="8469">
</VotoCandidato>
<VotoCandidato
numeroCandidato="8512"
totalVotos="8409">
</VotoCandidato>
<VotoCandidato
numeroCandidato="8514"
totalVotos="8488">
</VotoCandidato>
<VotoCandidato
numeroCandidato="8561"
totalVotos="8655">
</VotoCandidato>
<VotoCandidato
numeroCandidato="8574"
totalVotos="8592">
</VotoCandidato>
<VotoCandidato
numeroCandidato="8566"
totalVotos="8654">
</VotoCandidato>
<VotoCandidato
numeroCandidato="8524"
totalVotos="8534">
</VotoCandidato>
<VotoCandidato
numeroCandidato="8553"
totalVotos="8592">
</VotoCandidato>
<VotoCandidato
numeroCandidato="8588"
totalVotos="8769">
</VotoCandidato>
<VotoCandidato
numeroCandidato="8530"
totalVotos="8776">
</VotoCandidato>
<VotoCandidato
numeroCandidato="8544"
totalVotos="8507">
</VotoCandidato>
<VotoCandidato
numeroCandidato="8557"
totalVotos="8377">
</VotoCandidato>
<VotoCandidato
numeroCandidato="8537"
totalVotos="8536">
</VotoCandidato>
<VotoCandidato
numeroCandidato="8525"
totalVotos="8481">
</VotoCandidato>
<VotoCandidato
numeroCandidato="8515"
totalVotos="8465">
</VotoCandidato>
<VotoCandidato
numeroCandidato="8509"
totalVotos="8318">
</VotoCandidato>
<VotoCandidato
numeroCandidato="8513"
totalVotos="8475">
</VotoCandidato>
<VotoCandidato
numeroCandidato="8510"
totalVotos="8428">
</VotoCandidato>
</Abrangencia>
</Resultado>

