<?xml version="1.0" encoding="ISO-8859-1"?>
<Resultado
turno="1"
fase="S"
cargo="Deputado Estadual"
matematicamenteDefinido="N"
suplementar="N"
dataGeracao="21/08/2010"
horaGeracao="20:26:19"
divulgaVotacao="S"
nomeArquivoDadosFixos="pi17v0016">
<Abrangencia
dataTotalizacao="21/08/2010"
horaTotalizacao="20:24:31"
tipoAbrangencia="UF"
codigoAbrangencia="PI"
secoesTotalizadas="7428"
secoesEmRecurso="0"
secoesNaoTotalizadas="0"
eleitoradoApurado="2263583"
eleitoradoNaoApurado="0"
abstencao="228939"
comparecimento="2034644"
votosTotalizados="2034644"
votosEmBranco="10982"
votosNulos="194163"
votosPendentes="0"
votosValidos="1829499"
votosNominais="1717365"
votosLegenda="112134"
municipiosParcialmenteApurados="0"
municipiosNaoRecebidos="0"
municipiosFinalizados="224"
municipiosRecebidos="224">
<VotoColigacao
numeroColigacao="180000003061"
totalVotosNominais="0"
vagas="0"
totalVotosLegenda="0"/>
<VotoPartido
numeroPartido="74"
totalVotosNominais="0"
totalVotosLegenda="0" />
<VotoPartido
numeroPartido="75"
totalVotosNominais="0"
totalVotosLegenda="0" />
<VotoPartido
numeroPartido="76"
totalVotosNominais="0"
totalVotosLegenda="0" />
<VotoColigacao
numeroColigacao="180000003062"
totalVotosNominais="323855"
vagas="6"
totalVotosLegenda="3562405"/>
<VotoPartido
numeroPartido="77"
totalVotosNominais="0"
totalVotosLegenda="0" />
<VotoPartido
numeroPartido="78"
totalVotosNominais="323855"
totalVotosLegenda="0" />
<VotoCandidato
numeroCandidato="78796"
totalVotos="10190">
</VotoCandidato>
<VotoCandidato
numeroCandidato="78896"
totalVotos="9806">
</VotoCandidato>
<VotoCandidato
numeroCandidato="78871"
totalVotos="10011">
</VotoCandidato>
<VotoCandidato
numeroCandidato="78493"
totalVotos="10075">
</VotoCandidato>
<VotoCandidato
numeroCandidato="78668"
totalVotos="10117">
</VotoCandidato>
<VotoCandidato
numeroCandidato="78398"
totalVotos="10201">
</VotoCandidato>
<VotoCandidato
numeroCandidato="78328"
totalVotos="10181">
</VotoCandidato>
<VotoCandidato
numeroCandidato="78049"
totalVotos="10205">
</VotoCandidato>
<VotoCandidato
numeroCandidato="78494"
totalVotos="9964">
</VotoCandidato>
<VotoCandidato
numeroCandidato="78174"
totalVotos="10085">
</VotoCandidato>
<VotoCandidato
numeroCandidato="78608"
totalVotos="9945">
</VotoCandidato>
<VotoCandidato
numeroCandidato="78445"
totalVotos="10327">
</VotoCandidato>
<VotoCandidato
numeroCandidato="78326"
totalVotos="9895">
</VotoCandidato>
<VotoCandidato
numeroCandidato="78978"
totalVotos="10034">
</VotoCandidato>
<VotoCandidato
numeroCandidato="78541"
totalVotos="9965">
</VotoCandidato>
<VotoCandidato
numeroCandidato="78087"
totalVotos="10079">
</VotoCandidato>
<VotoCandidato
numeroCandidato="78206"
totalVotos="10161">
</VotoCandidato>
<VotoCandidato
numeroCandidato="78007"
totalVotos="10442">
</VotoCandidato>
<VotoCandidato
numeroCandidato="78413"
totalVotos="10336">
</VotoCandidato>
<VotoCandidato
numeroCandidato="78312"
totalVotos="10149">
</VotoCandidato>
<VotoCandidato
numeroCandidato="78066"
totalVotos="10110">
</VotoCandidato>
<VotoCandidato
numeroCandidato="78991"
totalVotos="10328">
</VotoCandidato>
<VotoCandidato
numeroCandidato="78803"
totalVotos="10206">
</VotoCandidato>
<VotoCandidato
numeroCandidato="78908"
totalVotos="10101">
</VotoCandidato>
<VotoCandidato
numeroCandidato="78970"
totalVotos="10078">
</VotoCandidato>
<VotoCandidato
numeroCandidato="78221"
totalVotos="10175">
</VotoCandidato>
<VotoCandidato
numeroCandidato="78677"
totalVotos="10141">
</VotoCandidato>
<VotoCandidato
numeroCandidato="78208"
totalVotos="10141">
</VotoCandidato>
<VotoCandidato
numeroCandidato="78581"
totalVotos="10244">
</VotoCandidato>
<VotoCandidato
numeroCandidato="78595"
totalVotos="10145">
</VotoCandidato>
<VotoCandidato
numeroCandidato="78357"
totalVotos="9956">
</VotoCandidato>
<VotoCandidato
numeroCandidato="78617"
totalVotos="10062">
</VotoCandidato>
<VotoColigacao
numeroColigacao="180000003063"
totalVotosNominais="247517"
vagas="4"
totalVotosLegenda="2722687"/>
<VotoPartido
numeroPartido="80"
totalVotosNominais="0"
totalVotosLegenda="0" />
<VotoPartido
numeroPartido="81"
totalVotosNominais="247517"
totalVotosLegenda="0" />
<VotoCandidato
numeroCandidato="81355"
totalVotos="10325">
</VotoCandidato>
<VotoCandidato
numeroCandidato="81261"
totalVotos="10222">
</VotoCandidato>
<VotoCandidato
numeroCandidato="81524"
totalVotos="10299">
</VotoCandidato>
<VotoCandidato
numeroCandidato="81006"
totalVotos="10451">
</VotoCandidato>
<VotoCandidato
numeroCandidato="81193"
totalVotos="10377">
</VotoCandidato>
<VotoCandidato
numeroCandidato="81982"
totalVotos="10585">
</VotoCandidato>
<VotoCandidato
numeroCandidato="81317"
totalVotos="10417">
</VotoCandidato>
<VotoCandidato
numeroCandidato="81302"
totalVotos="10241">
</VotoCandidato>
<VotoCandidato
numeroCandidato="81437"
totalVotos="10179">
</VotoCandidato>
<VotoCandidato
numeroCandidato="81645"
totalVotos="10195">
</VotoCandidato>
<VotoCandidato
numeroCandidato="81503"
totalVotos="10188">
</VotoCandidato>
<VotoCandidato
numeroCandidato="81463"
totalVotos="10339">
</VotoCandidato>
<VotoCandidato
numeroCandidato="81726"
totalVotos="10226">
</VotoCandidato>
<VotoCandidato
numeroCandidato="81686"
totalVotos="10429">
</VotoCandidato>
<VotoCandidato
numeroCandidato="81799"
totalVotos="10419">
</VotoCandidato>
<VotoCandidato
numeroCandidato="81695"
totalVotos="10096">
</VotoCandidato>
<VotoCandidato
numeroCandidato="81336"
totalVotos="10402">
</VotoCandidato>
<VotoCandidato
numeroCandidato="81101"
totalVotos="10249">
</VotoCandidato>
<VotoCandidato
numeroCandidato="81956"
totalVotos="10597">
</VotoCandidato>
<VotoCandidato
numeroCandidato="81933"
totalVotos="10450">
</VotoCandidato>
<VotoCandidato
numeroCandidato="81205"
totalVotos="10407">
</VotoCandidato>
<VotoCandidato
numeroCandidato="81152"
totalVotos="10149">
</VotoCandidato>
<VotoCandidato
numeroCandidato="81054"
totalVotos="9990">
</VotoCandidato>
<VotoCandidato
numeroCandidato="81058"
totalVotos="10285">
</VotoCandidato>
<VotoColigacao
numeroColigacao="180000003056"
totalVotosNominais="448410"
vagas="8"
totalVotosLegenda="4932510"/>
<VotoPartido
numeroPartido="71"
totalVotosNominais="448410"
totalVotosLegenda="0" />
<VotoCandidato
numeroCandidato="71161"
totalVotos="10564">
</VotoCandidato>
<VotoCandidato
numeroCandidato="71061"
totalVotos="11400">
</VotoCandidato>
<VotoCandidato
numeroCandidato="71496"
totalVotos="10168">
</VotoCandidato>
<VotoCandidato
numeroCandidato="71494"
totalVotos="10475">
</VotoCandidato>
<VotoCandidato
numeroCandidato="71403"
totalVotos="10249">
</VotoCandidato>
<VotoCandidato
numeroCandidato="71277"
totalVotos="10517">
</VotoCandidato>
<VotoCandidato
numeroCandidato="71729"
totalVotos="10466">
</VotoCandidato>
<VotoCandidato
numeroCandidato="71404"
totalVotos="10129">
</VotoCandidato>
<VotoCandidato
numeroCandidato="71062"
totalVotos="10654">
</VotoCandidato>
<VotoCandidato
numeroCandidato="71613"
totalVotos="10308">
</VotoCandidato>
<VotoCandidato
numeroCandidato="71607"
totalVotos="10114">
</VotoCandidato>
<VotoCandidato
numeroCandidato="71267"
totalVotos="10580">
</VotoCandidato>
<VotoCandidato
numeroCandidato="71604"
totalVotos="10581">
</VotoCandidato>
<VotoCandidato
numeroCandidato="71399"
totalVotos="10213">
</VotoCandidato>
<VotoCandidato
numeroCandidato="71992"
totalVotos="10624">
</VotoCandidato>
<VotoCandidato
numeroCandidato="71434"
totalVotos="10152">
</VotoCandidato>
<VotoCandidato
numeroCandidato="71205"
totalVotos="10896">
</VotoCandidato>
<VotoCandidato
numeroCandidato="71877"
totalVotos="10250">
</VotoCandidato>
<VotoCandidato
numeroCandidato="71372"
totalVotos="10247">
</VotoCandidato>
<VotoCandidato
numeroCandidato="71278"
totalVotos="10575">
</VotoCandidato>
<VotoCandidato
numeroCandidato="71714"
totalVotos="10341">
</VotoCandidato>
<VotoCandidato
numeroCandidato="71444"
totalVotos="10654">
</VotoCandidato>
<VotoCandidato
numeroCandidato="71933"
totalVotos="10285">
</VotoCandidato>
<VotoCandidato
numeroCandidato="71157"
totalVotos="10631">
</VotoCandidato>
<VotoCandidato
numeroCandidato="71348"
totalVotos="10485">
</VotoCandidato>
<VotoCandidato
numeroCandidato="71162"
totalVotos="10352">
</VotoCandidato>
<VotoCandidato
numeroCandidato="71639"
totalVotos="10283">
</VotoCandidato>
<VotoCandidato
numeroCandidato="71738"
totalVotos="10464">
</VotoCandidato>
<VotoCandidato
numeroCandidato="71367"
totalVotos="10332">
</VotoCandidato>
<VotoCandidato
numeroCandidato="71556"
totalVotos="10155">
</VotoCandidato>
<VotoCandidato
numeroCandidato="71907"
totalVotos="10422">
</VotoCandidato>
<VotoCandidato
numeroCandidato="71991"
totalVotos="10430">
</VotoCandidato>
<VotoCandidato
numeroCandidato="71782"
totalVotos="10348">
</VotoCandidato>
<VotoCandidato
numeroCandidato="71491"
totalVotos="10372">
</VotoCandidato>
<VotoCandidato
numeroCandidato="71098"
totalVotos="10748">
</VotoCandidato>
<VotoCandidato
numeroCandidato="71679"
totalVotos="10435">
</VotoCandidato>
<VotoCandidato
numeroCandidato="71514"
totalVotos="10137">
</VotoCandidato>
<VotoCandidato
numeroCandidato="71673"
totalVotos="10205">
</VotoCandidato>
<VotoCandidato
numeroCandidato="71155"
totalVotos="10460">
</VotoCandidato>
<VotoCandidato
numeroCandidato="71369"
totalVotos="10247">
</VotoCandidato>
<VotoCandidato
numeroCandidato="71185"
totalVotos="10730">
</VotoCandidato>
<VotoCandidato
numeroCandidato="71282"
totalVotos="10518">
</VotoCandidato>
<VotoCandidato
numeroCandidato="71468"
totalVotos="10214">
</VotoCandidato>
<VotoColigacao
numeroColigacao="180000003057"
totalVotosNominais="146074"
vagas="2"
totalVotosLegenda="1606814"/>
<VotoPartido
numeroPartido="72"
totalVotosNominais="146074"
totalVotosLegenda="0" />
<VotoCandidato
numeroCandidato="72200"
totalVotos="10529">
</VotoCandidato>
<VotoCandidato
numeroCandidato="72513"
totalVotos="10596">
</VotoCandidato>
<VotoCandidato
numeroCandidato="72638"
totalVotos="10357">
</VotoCandidato>
<VotoCandidato
numeroCandidato="72137"
totalVotos="10464">
</VotoCandidato>
<VotoCandidato
numeroCandidato="72596"
totalVotos="10444">
</VotoCandidato>
<VotoCandidato
numeroCandidato="72017"
totalVotos="10675">
</VotoCandidato>
<VotoCandidato
numeroCandidato="72505"
totalVotos="10457">
</VotoCandidato>
<VotoCandidato
numeroCandidato="72210"
totalVotos="10381">
</VotoCandidato>
<VotoCandidato
numeroCandidato="72366"
totalVotos="10193">
</VotoCandidato>
<VotoCandidato
numeroCandidato="72614"
totalVotos="10478">
</VotoCandidato>
<VotoCandidato
numeroCandidato="72350"
totalVotos="10304">
</VotoCandidato>
<VotoCandidato
numeroCandidato="72716"
totalVotos="10403">
</VotoCandidato>
<VotoCandidato
numeroCandidato="72154"
totalVotos="10322">
</VotoCandidato>
<VotoCandidato
numeroCandidato="72940"
totalVotos="10471">
</VotoCandidato>
<VotoColigacao
numeroColigacao="180000003058"
totalVotosNominais="155258"
vagas="3"
totalVotosLegenda="1707838"/>
<VotoPartido
numeroPartido="73"
totalVotosNominais="155258"
totalVotosLegenda="0" />
<VotoCandidato
numeroCandidato="73599"
totalVotos="10215">
</VotoCandidato>
<VotoCandidato
numeroCandidato="73570"
totalVotos="10164">
</VotoCandidato>
<VotoCandidato
numeroCandidato="73880"
totalVotos="10283">
</VotoCandidato>
<VotoCandidato
numeroCandidato="73366"
totalVotos="10584">
</VotoCandidato>
<VotoCandidato
numeroCandidato="73739"
totalVotos="10350">
</VotoCandidato>
<VotoCandidato
numeroCandidato="73641"
totalVotos="10566">
</VotoCandidato>
<VotoCandidato
numeroCandidato="73436"
totalVotos="10298">
</VotoCandidato>
<VotoCandidato
numeroCandidato="73809"
totalVotos="10292">
</VotoCandidato>
<VotoCandidato
numeroCandidato="73486"
totalVotos="10322">
</VotoCandidato>
<VotoCandidato
numeroCandidato="73098"
totalVotos="10431">
</VotoCandidato>
<VotoCandidato
numeroCandidato="73164"
totalVotos="10507">
</VotoCandidato>
<VotoCandidato
numeroCandidato="73073"
totalVotos="10461">
</VotoCandidato>
<VotoCandidato
numeroCandidato="73121"
totalVotos="10306">
</VotoCandidato>
<VotoCandidato
numeroCandidato="73674"
totalVotos="10131">
</VotoCandidato>
<VotoCandidato
numeroCandidato="73334"
totalVotos="10348">
</VotoCandidato>
<VotoColigacao
numeroColigacao="180000003060"
totalVotosNominais="396251"
vagas="7"
totalVotosLegenda="4358761"/>
<VotoPartido
numeroPartido="85"
totalVotosNominais="396251"
totalVotosLegenda="0" />
<VotoCandidato
numeroCandidato="85922"
totalVotos="10405">
</VotoCandidato>
<VotoCandidato
numeroCandidato="85914"
totalVotos="10141">
</VotoCandidato>
<VotoCandidato
numeroCandidato="85880"
totalVotos="10115">
</VotoCandidato>
<VotoCandidato
numeroCandidato="85780"
totalVotos="9982">
</VotoCandidato>
<VotoCandidato
numeroCandidato="85141"
totalVotos="10942">
</VotoCandidato>
<VotoCandidato
numeroCandidato="85637"
totalVotos="10221">
</VotoCandidato>
<VotoCandidato
numeroCandidato="85954"
totalVotos="10093">
</VotoCandidato>
<VotoCandidato
numeroCandidato="85593"
totalVotos="10196">
</VotoCandidato>
<VotoCandidato
numeroCandidato="85768"
totalVotos="10104">
</VotoCandidato>
<VotoCandidato
numeroCandidato="85167"
totalVotos="10272">
</VotoCandidato>
<VotoCandidato
numeroCandidato="85303"
totalVotos="10153">
</VotoCandidato>
<VotoCandidato
numeroCandidato="85734"
totalVotos="10056">
</VotoCandidato>
<VotoCandidato
numeroCandidato="85976"
totalVotos="10202">
</VotoCandidato>
<VotoCandidato
numeroCandidato="85837"
totalVotos="10160">
</VotoCandidato>
<VotoCandidato
numeroCandidato="85417"
totalVotos="10154">
</VotoCandidato>
<VotoCandidato
numeroCandidato="85160"
totalVotos="9940">
</VotoCandidato>
<VotoCandidato
numeroCandidato="85487"
totalVotos="10119">
</VotoCandidato>
<VotoCandidato
numeroCandidato="85621"
totalVotos="10132">
</VotoCandidato>
<VotoCandidato
numeroCandidato="85763"
totalVotos="10058">
</VotoCandidato>
<VotoCandidato
numeroCandidato="85569"
totalVotos="10064">
</VotoCandidato>
<VotoCandidato
numeroCandidato="85302"
totalVotos="10081">
</VotoCandidato>
<VotoCandidato
numeroCandidato="85700"
totalVotos="10116">
</VotoCandidato>
<VotoCandidato
numeroCandidato="85436"
totalVotos="10067">
</VotoCandidato>
<VotoCandidato
numeroCandidato="85585"
totalVotos="10159">
</VotoCandidato>
<VotoCandidato
numeroCandidato="85919"
totalVotos="9986">
</VotoCandidato>
<VotoCandidato
numeroCandidato="85454"
totalVotos="10178">
</VotoCandidato>
<VotoCandidato
numeroCandidato="85670"
totalVotos="10181">
</VotoCandidato>
<VotoCandidato
numeroCandidato="85409"
totalVotos="10207">
</VotoCandidato>
<VotoCandidato
numeroCandidato="85212"
totalVotos="10197">
</VotoCandidato>
<VotoCandidato
numeroCandidato="85206"
totalVotos="10082">
</VotoCandidato>
<VotoCandidato
numeroCandidato="85899"
totalVotos="10181">
</VotoCandidato>
<VotoCandidato
numeroCandidato="85602"
totalVotos="10240">
</VotoCandidato>
<VotoCandidato
numeroCandidato="85481"
totalVotos="10369">
</VotoCandidato>
<VotoCandidato
numeroCandidato="85955"
totalVotos="9984">
</VotoCandidato>
<VotoCandidato
numeroCandidato="85609"
totalVotos="10239">
</VotoCandidato>
<VotoCandidato
numeroCandidato="85986"
totalVotos="10141">
</VotoCandidato>
<VotoCandidato
numeroCandidato="85861"
totalVotos="10168">
</VotoCandidato>
<VotoCandidato
numeroCandidato="85819"
totalVotos="9922">
</VotoCandidato>
<VotoCandidato
numeroCandidato="85962"
totalVotos="10244">
</VotoCandidato>
</Abrangencia>
</Resultado>

